judge_score,tp,fp,fn,justification,main_category,nct_id
5,11.0,0.0,0.0,"The extracted inclusion and exclusion criteria exactly match the original lists with no omissions, hallucinations, distortions, or formatting problems.",,NCT03319472
5,9.0,0.0,0.0,"All inclusion and exclusion criteria from the original text are present, correctly worded, and no extra or missing items were found. No formatting errors affect the content.",,NCT00236236
5,13.0,0.0,0.0,"All inclusion and exclusion criteria from the raw text are present in the extracted lists with accurate wording and no extra items. No omissions, hallucinations, or logical distortions are observed. Formatting of the JSON arrays is correct.",,NCT01550107
5,7.0,0.0,0.0,"All inclusion and exclusion criteria from the raw text are present in the extracted lists with no omissions, hallucinations, or distortions. Formatting differences are negligible.",,NCT00356044
5,9.0,0.0,0.0,"The extracted inclusion and exclusion criteria exactly match the raw eligibility criteria with no omissions, hallucinations, logical distortions, or formatting problems.",,NCT02805387
5,10.0,0.0,0.0,"The extracted inclusion and exclusion lists contain all items from the raw eligibility criteria with exact wording and no additional or missing entries. No hallucinations, omissions, or logical distortions are present. Formatting is appropriate.",,NCT01642784
5,3.0,0.0,0.0,"The extracted inclusion criteria exactly match all three items from the original disease characteristics, and no exclusion criteria were present in the source. No omissions, hallucinations, or distortions are observed.",,NCT01139307
4,7.0,0.0,0.0,"All inclusion and exclusion criteria from the raw text are present in the extracted lists. No criteria are omitted, added, or logically altered. The only issue is a minor formatting artifact in the second inclusion criterion (escaped characters and extra quotes), which does not affect the meaning.",,NCT02367716
5,11.0,0.0,0.0,"The extracted inclusion and exclusion criteria exactly match the original list with no omissions, hallucinations, or distortions. All items are present and correctly worded.",,NCT00176384
4,6.0,0.0,0.0,"All original inclusion and exclusion criteria are present. The exclusion criteria were split into separate list items, causing a minor formatting issue (the parent phrase was only attached to the first sub‑criterion). No criteria are missing, added, or logically altered.",,NCT01510652
5,3.0,0.0,0.0,"All inclusion and exclusion criteria from the original text are present and accurately captured. No items are missing, added, or altered. Formatting is appropriate for the JSON list representation.",,NCT00568165
5,2.0,0.0,0.0,"The extracted inclusion and exclusion criteria exactly match the original text with no omissions, additions, or distortions. Formatting is appropriate.",,NCT03747107
5,8.0,0.0,0.0,"The extracted inclusion and exclusion criteria exactly match the raw eligibility text with no omissions, hallucinations, logical distortions, or formatting problems.",,NCT04221763
5,7.0,0.0,0.0,"The extracted inclusion and exclusion lists contain all and only the criteria present in the original text, with no omissions, hallucinations, logical distortions, or formatting errors.",,NCT04740333
5,6.0,0.0,0.0,"The extracted inclusion and exclusion criteria exactly match the original text. All items are present, correctly worded, and no extra or missing items are found. Minor formatting differences (e.g., escaping of '<') do not affect content fidelity.",,NCT02506738
4,10.0,0.0,0.0,All inclusion and exclusion criteria are present and semantically accurate. Minor formatting issues such as escaped quotation marks and representation of comparison symbols do not affect meaning.,,NCT02808767
5,8.0,0.0,0.0,"The extracted inclusion and exclusion criteria exactly match the original lists with no omissions, hallucinations, distortions, or formatting problems.",,NCT02175563
4,9.0,0.0,0.0,"All inclusion and exclusion criteria are present and semantically identical to the original. The only deviation is the representation of the less‑than sign in the age criterion (""<18"" vs ""\<18""), which is a minor formatting difference.",,NCT00535106
2,22.0,1.0,1.0,"All inclusion criteria are correctly extracted. In the exclusion list, 18 of 19 items match the original text exactly. The BP criterion is incorrectly rendered as ""BP \""140/90 lub <90/60"" missing the ≥ sign and containing an extraneous quote, which changes its meaning (logical distortion) and is a formatting error. This results in one false positive and one false negative.",Distortion,NCT01015144
5,4.0,0.0,0.0,"The extracted inclusion and exclusion criteria exactly match the raw eligibility text with no omissions, hallucinations, distortions, or formatting problems.",,NCT06759532
5,20.0,0.0,0.0,"All inclusion and exclusion criteria from the original text are present, correctly worded, and no additional or missing items are observed. No logical distortions, hallucinations, or formatting problems are detected.",,NCT00206232
5,25.0,0.0,0.0,All inclusion and exclusion criteria from the raw text are present in the extracted lists with accurate wording and no added or missing items. No logical distortions or formatting problems are observed.,,NCT00252187
5,3.0,0.0,0.0,"All inclusion criteria are correctly captured with exact wording, and no exclusion criteria exist, matching the original text. No omissions, hallucinations, or distortions are present.",,NCT03084458
4,16.0,0.0,0.0,"All raw inclusion and exclusion criteria are present in the extracted lists. The content matches exactly. The only issues are minor formatting artifacts in the inclusion criteria where the greater‑or‑equal symbols are wrapped in escaped quotes (e.g., "">=50%""), which constitute a minor formatting problem but no omission, hallucination, or logical distortion.",,NCT01648634
5,7.0,0.0,0.0,"All inclusion and exclusion criteria from the raw text are present, accurately worded, and no extra or missing items are detected. No formatting errors affect the content.",,NCT01681771
5,3.0,0.0,0.0,"The extracted inclusion and exclusion criteria exactly match the original text with no missing items, no added items, and no logical changes. Formatting is appropriate.",,NCT02615587
5,15.0,0.0,0.0,"All inclusion and exclusion criteria from the raw text are present in the extracted lists with no missing items, no added items, and no alterations. Formatting is appropriate for JSON arrays.",,NCT01807221
5,7.0,0.0,0.0,"The extracted inclusion and exclusion criteria exactly match the original lists with no missing items, no added items, and no alterations. Formatting is appropriate and there are no logical distortions.",,NCT04514458
4,6.0,0.0,0.0,"All six original criteria are present in the extraction. The first inclusion criterion contains a minor formatting typo (""\nm"" instead of the greater‑than-or‑equal symbol), but the meaning is unchanged. No omissions, hallucinations, or logical distortions are observed.",,NCT02714855
2,21.0,0.0,0.0,"All raw criteria are present in the extracted lists, but the left‑heart failure LVEF and cardiac index item is incorrectly rendered (""G 40%"" and ""G 2.5 L/min/m2"" instead of the required ""≤ 40%"" and ""≤ 2.5 L/min/m2""), which is a logical distortion. Additionally, the extraction contains minor formatting artifacts (newline markers and a missing closing parenthesis in the hemodialysis exclusion). No criteria are omitted or hallucinated.",Distortion,NCT01981655
2,5.0,13.0,0.0,"The extracted inclusion criterion correctly matches the original. The first four extracted exclusion criteria correspond to the original exclusion list. However, the extraction adds numerous unit-specific exclusions that were not explicitly listed as exclusion criteria in the original text; they are only implied by the definition of study units. These additions constitute hallucinations and inflate the criteria set, leading to false positives. No original criteria were omitted, but the over‑extraction is a logical distortion.",Hallucination,NCT03911687
4,36.0,0.0,0.0,"All inclusion and exclusion criteria from the raw text are present in the extracted lists. The only issues are minor formatting inconsistencies, such as using "">="" instead of the original ""≥"" and extra quotation marks around some criteria. No items are omitted, added, or logically altered.",,NCT00982033
4,12.0,0.0,0.0,"All inclusion and exclusion criteria from the original text are present in the extracted lists. The extraction accurately captures each specific criterion. The only minor issue is the omission of the connective phrase ""and that fulfills any one of the following criteria"" in the first inclusion item, which does not affect the substantive criteria but is a slight formatting/omission detail.",Omission,NCT01543555
5,2.0,0.0,0.0,"Both inclusion and exclusion criteria are extracted verbatim with no omissions, hallucinations, or logical distortions. Formatting is appropriate.",,NCT01616121
5,20.0,0.0,0.0,"The extracted inclusion and exclusion criteria exactly match the original eligibility text with no missing, extra, or altered items.",,NCT01305226
5,23.0,0.0,0.0,"All 6 inclusion criteria and all 17 exclusion criteria from the raw text are present in the extracted lists with accurate wording and no added or missing items. The logical requirements (e.g., one symptom and one sign) are correctly represented. No hallucinations, omissions, or distortions are observed, and the JSON formatting is proper.",,NCT04691687
5,26.0,0.0,0.0,"All inclusion and exclusion criteria from the raw text are present in the extracted lists with no missing items, no added items, and no alteration of meaning. Formatting is appropriate for JSON arrays.",,NCT01876433
4,22.0,0.0,0.0,"All inclusion and exclusion criteria from the raw text are present in the extracted lists. The only issue is a minor formatting problem in the first exclusion item where symbols are escaped (e.g., "">"" 38.0\b\u00b0C) which does not affect the semantic content.",,NCT02430233
5,2.0,0.0,0.0,"The extracted inclusion and exclusion criteria exactly match the raw eligibility criteria with no omissions, hallucinations, distortions, or formatting problems.",,NCT00310947
5,20.0,0.0,0.0,"The extracted inclusion and exclusion criteria exactly match the raw eligibility text. No items are omitted, added, or altered, and formatting issues are negligible.",,NCT00821938
5,5.0,0.0,0.0,"The extracted inclusion and exclusion criteria exactly match the original text with no omissions, hallucinations, logical distortions, or formatting errors.",,NCT00966303
4,10.0,0.0,0.0,"All original inclusion and exclusion criteria are present with no omissions, distortions, or hallucinations. The inclusion criteria are correctly captured, though the AHI threshold is embedded within a longer sentence, which is a minor formatting inconsistency.",,NCT01124370
4,19.0,0.0,0.0,"All 19 raw criteria (6 inclusion, 13 exclusion) are present in the extracted lists with equivalent meaning. The only deviation is minor formatting (escaped quotes and backslashes) in the extracted strings, which does not alter the clinical content.",,NCT02325973
5,11.0,0.0,0.0,"All inclusion and exclusion criteria from the raw text are present in the extracted lists with identical wording and no extra or missing items. No hallucinations, omissions, or logical distortions are observed. Formatting of the JSON arrays is correct.",,NCT05992454
5,9.0,0.0,0.0,"All inclusion and exclusion criteria from the original text are present, accurately worded, and no extra or missing items are observed. No logical distortions or formatting errors are detected.",,NCT01397656
5,17.0,0.0,0.0,"All inclusion and exclusion criteria from the raw text are present in the extracted lists with no missing items, no added (hallucinated) items, and no logical distortions. Formatting is appropriate for a JSON array of strings.",,NCT02939053
5,14.0,0.0,0.0,"The extracted inclusion criteria list exactly matches all items from the raw eligibility text with no missing, added, or altered statements. No hallucinations, logical distortions, or formatting problems are present.",,NCT04874272
5,2.0,0.0,0.0,"The extracted inclusion and exclusion criteria exactly match the original text with no omissions, hallucinations, or logical distortions. Formatting is appropriate.",,NCT00925457
5,3.0,0.0,0.0,"The extracted inclusion and exclusion criteria exactly match the original text with no omissions, hallucinations, or logical distortions. Formatting is appropriate.",,NCT01822912
5,8.0,0.0,0.0,"The extracted inclusion and exclusion criteria exactly match the raw eligibility text with no omissions, hallucinations, or logical distortions. All items are present and correctly worded, and the JSON formatting is appropriate.",,NCT00433654
4,6.0,0.0,0.0,"All criteria from the raw text are present in the extracted lists. The only deviation is the formatting of the age criterion, which uses ""\"">=18\"""" instead of the original ""≥18"". This is a minor formatting issue, not an omission or distortion.",,NCT04590794
5,4.0,0.0,0.0,"All inclusion and exclusion criteria from the raw text are accurately captured with no omissions, hallucinations, or logical distortions. Formatting of the extracted lists is appropriate.",,NCT00888966
5,16.0,0.0,0.0,"All inclusion and exclusion criteria are extracted exactly as in the original text with no omissions, hallucinations, or distortions. Formatting is appropriate.",,NCT04661657
2,6.0,1.0,1.0,"All inclusion criteria are perfectly captured. In the exclusion list, one item is incorrectly transcribed: 'Ischemic mitral reggression' instead of the correct 'Ischemic mitral regurgitation', representing a logical distortion. No other omissions or hallucinated items are present.",Distortion,NCT07284212
2,16.0,1.0,0.0,"All 12 exclusion criteria are correctly extracted. Four of the five inclusion criteria match the source exactly. The second inclusion criterion is distorted: the original states ""≥ 1 myocardial segment"" (greater than or equal to one), but the extraction says ""> 1 myocardial segment"" (greater than one), altering the eligibility threshold. This logical distortion constitutes a false positive. No criteria are omitted.",Distortion,NCT01660581
5,25.0,0.0,0.0,"The extracted inclusion and exclusion criteria exactly match the original text with no missing items, no added items, and no alteration of meaning. Minor formatting differences (e.g., spacing) do not affect content fidelity.",,NCT02143219
5,16.0,0.0,0.0,"The extracted inclusion and exclusion lists exactly match the raw eligibility criteria with no missing items, no added items, and no alterations in meaning. Formatting is appropriate for JSON representation.",,NCT01936896
5,4.0,0.0,0.0,"All inclusion and exclusion criteria are extracted exactly as in the raw text with no omissions, hallucinations, logical distortions, or formatting errors.",,NCT04427046
2,26.0,0.0,0.0,"All original inclusion and exclusion items are present, but two criteria were altered incorrectly: the inclusion criterion 'Endovascular repair with ≥ 1 of the following criteria' was changed to '> 1', and the exclusion criterion 'receipt of ≥ 1 dialysis treatment in the past week' was also changed to '> 1'. These represent logical distortions (changing the required minimum from 'one or more' to 'more than one') and include stray formatting characters. No items are missing or added, but the logical changes lower the score to a 2.",Distortion,NCT01225094
5,13.0,0.0,0.0,"The extracted inclusion and exclusion criteria exactly match the original text with no omissions, hallucinations, logical distortions, or formatting issues.",,NCT01255475
5,5.0,0.0,0.0,"All inclusion and exclusion criteria are extracted accurately with no omissions, hallucinations, or distortions. Formatting is appropriate.",,NCT00674375
5,9.0,0.0,0.0,"The extracted inclusion and exclusion criteria exactly match the original text. No items are missing, added, or altered, and formatting is appropriate. Therefore, the extraction is perfect.",,NCT00651573
5,1.0,0.0,0.0,"The extracted inclusion criterion exactly matches the original text, and the exclusion list correctly reflects that there are no exclusions. No omissions, hallucinations, or distortions are present.",,NCT02454257
5,3.0,0.0,0.0,"All inclusion and exclusion criteria from the raw text are present, accurately worded, and no extra or missing items were introduced. No logical distortions or formatting errors detected.",,NCT00967486
5,8.0,0.0,0.0,"All inclusion and exclusion criteria from the raw eligibility text are present in the extracted lists with exact wording; no criteria are missing, added, or altered. Formatting of the JSON arrays is correct.",,NCT01409837
5,7.0,0.0,0.0,"All inclusion and exclusion criteria from the raw text are present, accurately worded, and no extra or distorted items are introduced. Formatting is appropriate with each criterion as a separate string in the arrays.",,NCT05993195
5,4.0,0.0,0.0,"The extracted inclusion and exclusion criteria exactly match the original text with no omissions, hallucinations, or logical distortions. Formatting is appropriate.",,NCT04336995
5,13.0,0.0,0.0,"All inclusion and exclusion criteria from the raw text are present in the extracted lists. No criteria are missing, added, or altered in meaning. Formatting is clear and consistent; minor grouping annotations do not affect correctness.",,NCT00083395
4,9.0,0.0,0.0,"All original inclusion and exclusion criteria are present and accurate. The only issue is a minor formatting inconsistency (missing space after the colon in the echocardiographic criterion). No omissions, hallucinations, or logical distortions were found.",,NCT00523757
5,7.0,0.0,0.0,"All inclusion and exclusion criteria are accurately captured with no omissions, hallucinations, or logical distortions. Minor punctuation differences do not affect content fidelity.",,NCT06115369
5,15.0,0.0,0.0,"All inclusion and exclusion criteria from the raw text are present in the extracted lists with no missing items, no added items, and no logical distortions. Formatting is acceptable.",,NCT01009151
5,6.0,0.0,0.0,"All inclusion and exclusion criteria are extracted exactly as they appear in the original text with no omissions, hallucinations, distortions, or formatting problems.",,NCT01361672
3,18.0,0.0,2.0,"The extracted lists faithfully reproduce all substantive question criteria from the original text. No hallucinated or distorted items are present. However, the meta requirements—'Patient must answer ""yes""' for inclusion and 'Patient must have answered ""NO"" to all of the exclusion criteria'—are omitted from the extraction. These are minor omissions, leading to a score of 3.",Omission,NCT00901212
5,14.0,0.0,0.0,"The extracted inclusion and exclusion criteria exactly match the original text with no omissions, hallucinations, logical distortions, or formatting problems.",,NCT03891329
5,4.0,0.0,0.0,"The extracted inclusion and exclusion criteria exactly match the original text with no omissions, hallucinations, distortions, or formatting problems.",,NCT01258829
5,6.0,0.0,0.0,"The extracted inclusion and exclusion criteria exactly match the original text with no omissions, hallucinations, distortions, or formatting errors.",,NCT02788331
5,11.0,0.0,0.0,"The extracted inclusion and exclusion criteria exactly match the original text with no omissions, hallucinations, or logical distortions. All items are present and correctly phrased.",,NCT02975453
2,11.0,1.0,1.0,"The extraction captures all inclusion criteria correctly. In the exclusion list, eight criteria match exactly, but the creatinine threshold criterion is distorted: the original 'Creatinine ≥ 2.5 mg/dL test within the last 3 months' is rendered as 'Creatinine "" 2.5 mg/dL test within the last 3 months', losing the ≥ sign and introducing an erroneous quote. This constitutes a logical distortion, resulting in one false positive (the incorrect entry) and one false negative (the correct raw entry not faithfully extracted). No hallucinated criteria were found.",Distortion,NCT01229137
2,9.0,1.0,2.0,"The inclusion criteria extraction contains a major distortion: the third criterion ""Have a left ventricular ejection fraction ≥ 45%"" was split into two fragments (""Have a left ventricular ejection fraction \"""" and ""45%."") and lost the ≥ sign, resulting in one false positive (the stray ""45%."") and one false negative (the complete criterion is missing). All other inclusion items and all exclusion items are correctly extracted. This constitutes a major omission/distortion, yielding a score of 2.",Distortion,NCT00718939
5,6.0,0.0,0.0,"All inclusion and exclusion criteria from the raw text are present, correctly worded, and no extra or missing items were found. No formatting or logical issues detected.",,NCT03288701
4,18.0,0.0,0.0,"All 5 inclusion and 13 exclusion criteria from the raw text are present in the extracted lists. The content matches the original meaning; only minor formatting issues such as escaped quotation marks and a missing closing parenthesis are observed. No criteria are omitted, added, or logically altered.",,NCT03128528
5,2.0,0.0,0.0,"The extracted inclusion and exclusion criteria exactly match the original text with no omissions, hallucinations, or distortions. Formatting is appropriate.",,NCT04498065
5,15.0,0.0,0.0,"All inclusion and exclusion criteria from the raw text are present in the extracted lists with no omissions, hallucinations, or logical distortions. The extracted items faithfully reproduce the original wording and content. No formatting errors affect the correctness of the extraction.",,NCT02275819
5,2.0,0.0,0.0,"Both inclusion and exclusion criteria are extracted verbatim with no omissions, hallucinations, or distortions. Formatting is correct.",,NCT03447392
5,8.0,0.0,0.0,"All inclusion and exclusion criteria are extracted exactly as in the original text with no omissions, hallucinations, or distortions. Formatting is appropriate.",,NCT03856502
5,3.0,0.0,0.0,"The extracted inclusion and exclusion criteria exactly match the original text with no omissions, hallucinations, distortions, or formatting problems.",,NCT00101881
5,5.0,0.0,0.0,"All inclusion and exclusion criteria from the raw text are present, accurately worded, and no extra or missing items are introduced. The combined phrasing of the chest‑compression exclusion retains both sub‑points, so there is no omission or distortion. Formatting of the extracted lists is correct.",,NCT06719401
5,7.0,0.0,0.0,"The extracted inclusion and exclusion criteria exactly match the original text. All items are present, correctly worded, and no extra or missing criteria are observed. No logical distortions, hallucinations, or formatting problems are evident.",,NCT01548300
5,32.0,0.0,0.0,"All inclusion and exclusion criteria from the raw eligibility text are present in the extracted lists with no omissions, hallucinations, or logical distortions. The wording and symbols (e.g., ≥, ≤) are faithfully reproduced, and there are no extra items. Therefore the extraction is perfect.",,NCT02672553
5,10.0,0.0,0.0,"The extracted inclusion and exclusion criteria exactly match the original text with no omissions, hallucinations, or distortions. All items are present and correctly phrased.",,NCT04733365
4,36.0,0.0,0.0,"The extracted inclusion and exclusion criteria capture all original items accurately with no omissions, hallucinations, or logical distortions. The only shortcoming is minor formatting: bullet-point sub‑criteria are merged into single strings separated by semicolons, which deviates from the original list structure but does not affect content fidelity.",,NCT04811092
5,5.0,0.0,0.0,"The extracted inclusion and exclusion criteria exactly match the original text with no omissions, hallucinations, or logical distortions. Formatting is appropriate.",,NCT00572091
5,24.0,0.0,0.0,"The extracted inclusion and exclusion criteria exactly match the raw eligibility text with no missing items, no added items, and no alteration of meaning. Formatting is appropriate for JSON arrays.",,NCT00608491
2,3.0,0.0,0.0,"The extracted criteria include all content from the original text, but the inclusion criteria split a combined bullet (mechanical ventilation AND medical stability) into two separate items, altering the logical grouping of the requirement. This constitutes a logical distortion. No omissions, hallucinations, or false positives were identified.",Distortion,NCT02227810
5,4.0,0.0,0.0,"The extracted inclusion and exclusion criteria exactly match the original text with no omissions, hallucinations, or logical distortions. Formatting is appropriate and all items are present.",,NCT06152562
5,7.0,0.0,0.0,"All inclusion and exclusion criteria from the original text are present, accurately worded, and no extra or missing items are found. No hallucinations, omissions, or distortions are detected.",,NCT04140942
5,29.0,0.0,0.0,"All inclusion and exclusion criteria from the raw text are present in the extracted lists with no omissions, hallucinations, or distortions. Formatting of the JSON arrays is correct.",,NCT00250913
5,5.0,0.0,0.0,"All inclusion and exclusion criteria are extracted exactly as in the original text with no omissions, hallucinations, or logical distortions. Formatting matches the source.",,NCT06070805
5,11.0,0.0,0.0,"The extracted inclusion and exclusion criteria exactly match the original list with no omissions, hallucinations, distortions, or formatting errors.",,NCT00871260
5,3.0,0.0,0.0,"All inclusion and exclusion criteria from the raw text are present in the extracted lists with exact meaning and no extra or missing items. No hallucinations, omissions, or logical distortions are observed, and formatting is acceptable.",,NCT00180362
4,32.0,0.0,0.0,"All original inclusion and exclusion criteria are present with correct meaning; no omissions, hallucinations, or logical distortions. The only issue is minor formatting artifacts in the extracted severe aortic stenosis criterion (escaped characters and missing proper inequality symbols), which constitutes a minor formatting problem.",,NCT04623788
5,21.0,0.0,0.0,"All inclusion and exclusion criteria from the raw text are present, correctly worded, and no extra or altered items were introduced. Formatting is consistent with the source.",,NCT02412488
5,22.0,0.0,0.0,"All inclusion and exclusion criteria from the raw text are present in the extracted lists with no omissions, hallucinations, or logical distortions. Formatting is acceptable.",,NCT03541603
5,11.0,0.0,0.0,"The extracted inclusion and exclusion criteria exactly match the original text with no omissions, hallucinations, or distortions. All 11 criteria are correctly captured.",,NCT02500342
5,5.0,0.0,0.0,"The extracted inclusion and exclusion criteria exactly match the original text with no omissions, hallucinations, or distortions. Formatting is appropriate.",,NCT00321269
5,6.0,0.0,0.0,"All inclusion and exclusion criteria from the raw text are present, correctly worded, and no extra or missing items were identified. No formatting issues or logical distortions detected.",,NCT03549169
2,22.0,0.0,0.0,"All inclusion and exclusion items are present; there are no omissions or hallucinated criteria. However, several exclusion criteria contain logical distortions: the pulmonary hypertension threshold is rendered as ""> 40 mmHg"" instead of ""≥ 40 mmHg"", the hypertension thresholds use "">"" instead of ""≥"", and the hepatic/renal abnormality thresholds use "">"" instead of ""≥"". These sign errors constitute major logical distortions, reducing the score to 2.",Distortion,NCT04515290
5,15.0,0.0,0.0,"The extracted inclusion and exclusion criteria exactly match the raw eligibility text with no missing items, no added items, and no alterations in meaning. Formatting is appropriate for JSON arrays.",,NCT03734562
4,26.0,0.0,0.0,"The extracted inclusion and exclusion lists contain all items present in the raw eligibility criteria with no omissions, hallucinations, or logical distortions. The only minor discrepancy is inconsistent punctuation (some items lack a trailing period), which is a formatting issue rather than a content error.",,NCT01363661
2,16.0,0.0,0.0,"All raw inclusion and exclusion criteria are represented in the extracted lists, so there are no omissions or hallucinated items. However, the third inclusion criterion contains a typographical error ('COVID-5' instead of 'COVID-19'), which is a logical distortion of the original text. Apart from this typo, formatting is acceptable. Therefore the extraction suffers a major logical distortion, yielding a score of 2.",Distortion,NCT04600141
5,0.0,0.0,0.0,"The original text states that there are no eligibility criteria. The extracted inclusion and exclusion lists are both empty, accurately reflecting the source with no omissions, hallucinations, or distortions.",,NCT00006420
5,7.0,0.0,0.0,"The extracted inclusion and exclusion criteria exactly match the raw eligibility criteria with no omissions, hallucinations, logical distortions, or formatting issues.",,NCT02061241
2,7.0,1.0,0.0,"All criteria are present, but the age inclusion criterion was altered from the original '≥ 18 years old' (or similar) to '> 18 years old', which changes the eligibility threshold and constitutes a logical distortion. No items are omitted or hallucinated, and exclusion criteria are extracted correctly.",Distortion,NCT04274205
5,9.0,0.0,0.0,"All inclusion and exclusion criteria are extracted exactly as in the original text with no omissions, hallucinations, or distortions. Formatting is appropriate.",,NCT04163861
2,17.0,5.0,0.0,"The extraction includes all items but several criteria have logical distortions: in the inclusion list the SBP threshold is changed from ≥90 to >90, the ejection fraction limits are altered from ≥20% and ≤45% to >20% and missing the upper bound, and the LV wall thickness limit is changed from ≥8 mm to >8 mm. In the exclusion list the hemoglobin criterion loses the ≤ sign. These sign changes constitute major logical errors. No items are missing or added, but the distortions lower the score to 2. The main issue is distortion rather than omission or hallucination.",Distortion,NCT02052427
4,10.0,0.0,0.0,"All 10 criteria from the raw text are present in the extracted lists with correct meaning. The only issue is a minor formatting inconsistency in the inclusion criterion for creatinine clearance (extra escaped quotes and use of '>=' instead of the original '≥'), which does not affect the content.",,NCT05317286
4,12.0,0.0,0.0,"All inclusion and exclusion criteria are present and accurate. The only issue is a minor formatting distortion where the trademark symbol ® in ""Indigo® Aspiration System"" was rendered as ""\nR"", which does not change the meaning but is a formatting error.",,NCT03957473
5,18.0,0.0,0.0,"The extracted inclusion and exclusion criteria exactly match the original text with no omissions, hallucinations, or logical distortions. Formatting is appropriate for a JSON array.",,NCT00654966
5,13.0,0.0,0.0,"All inclusion and exclusion criteria are extracted exactly as presented in the raw eligibility text with no omissions, hallucinations, or logical distortions.",,NCT01960920
5,4.0,0.0,0.0,"The extracted inclusion and exclusion criteria exactly match the original text with no omissions, hallucinations, distortions, or formatting errors.",,NCT05361759
5,2.0,0.0,0.0,"The extracted inclusion and exclusion criteria exactly match the original text with no omissions, hallucinations, distortions, or formatting problems.",,NCT00001746
4,16.0,0.0,0.0,"All original inclusion and exclusion criteria are present and accurately captured. No items are missing, added, or altered in meaning. The only issue is a minor formatting inconsistency in the inclusion list where the introductory phrase ""Subject must have one of the following:"" is repeated for each bullet instead of being a single list header.",,NCT01618669
5,34.0,0.0,0.0,"All inclusion and exclusion criteria from the raw text are present, correctly worded, and no extra or missing items were identified. Formatting of the JSON arrays is appropriate.",,NCT02941705
5,1.0,0.0,0.0,"The extracted inclusion criterion exactly matches the original text, and no exclusion criteria were present in the source and correctly extracted as an empty list. No omissions, hallucinations, or distortions are observed.",,NCT00007605
5,5.0,0.0,0.0,"The extracted inclusion and exclusion criteria exactly match the original text with no omissions, hallucinations, distortions, or formatting problems.",,NCT02146794
5,22.0,0.0,0.0,"All inclusion and exclusion criteria from the raw text are present, accurately worded, and no extra or missing items were found. Minor punctuation differences do not affect meaning.",,NCT03399994
4,9.0,0.0,0.0,"All inclusion and exclusion criteria from the original text are present. Minor formatting problems are observed: a stray quotation mark before "">= 3 months"" in the EF reassessment clause, a typo ""regiment"" instead of ""regimen"", and slight punctuation inconsistencies. No criteria are omitted, added, or logically altered.",,NCT02874794
5,10.0,0.0,0.0,"The extracted inclusion and exclusion criteria exactly match the raw eligibility text with no omissions, hallucinations, logical distortions, or formatting problems.",,NCT03170466
2,16.0,0.0,5.0,"The extraction omitted the required inequality symbols (≥ or ≤) for five inclusion criteria (age, left‑ventricle ejection fraction, glomerular filtration rate, serum potassium, and systolic blood pressure), changing their meaning. These are logical distortions rather than minor formatting issues. All other inclusion items and all exclusion items are present and accurate, with no hallucinated criteria. The main problem is distortion of criteria.",Distortion,NCT05989503
5,6.0,0.0,0.0,"All inclusion and exclusion criteria were extracted exactly as in the original text with no omissions, hallucinations, or distortions.",,NCT01375673
5,10.0,0.0,0.0,"All inclusion and exclusion criteria from the raw text are present in the extracted lists with identical meaning. No criteria are omitted, added, or altered. Minor differences in escape character representation (e.g., (<=) vs (\<=)) are purely formatting and do not change content. Therefore the extraction is perfect.",,NCT02532283
5,5.0,0.0,0.0,"All inclusion and exclusion criteria from the original text are present, correctly worded, and no extra or missing items are observed. Formatting matches the required list structure.",,NCT00537628
5,6.0,0.0,0.0,"The extracted inclusion and exclusion lists exactly match the raw eligibility criteria. The only minor difference is the representation of the less‑than sign (""<"" vs ""\<""), which does not affect content fidelity. No criteria are omitted, added, or distorted.",,NCT01900600
4,4.0,0.0,0.0,"All criteria are present and semantically correct. The only issue is a minor formatting change in the exclusion criterion where the greater‑than-or-equal symbol (≥) was represented as "">="" with extra quotes, which does not alter the meaning.",,NCT02088736
5,6.0,0.0,0.0,"The extracted inclusion and exclusion lists contain exactly the same items as the original criteria. No items are missing, added, or altered. Minor punctuation differences do not affect content fidelity.",,NCT06710275
5,6.0,0.0,0.0,"The extracted inclusion and exclusion criteria exactly match the original text with no omissions, hallucinations, distortions, or formatting problems.",,NCT03443934
5,4.0,0.0,0.0,"The extracted inclusion and exclusion criteria exactly match the original text with no omissions, hallucinations, distortions, or formatting problems.",,NCT02356393
5,3.0,0.0,0.0,"The extracted inclusion criteria capture both 'men and women with ventricular fibrillation' and 'survived out-of-hospital cardiac arrest' exactly as stated. The extracted exclusion criterion correctly reflects the negative condition 'cardiac arrest associated with Q-wave acute myocardial infarction'. No items are missing, added, or distorted, and formatting follows the required list structure.",,NCT00000464
5,11.0,0.0,0.0,"All inclusion and exclusion criteria are present, accurately worded, and no extra or missing items were identified. No formatting errors or logical distortions were observed.",,NCT00469911
5,9.0,0.0,0.0,"The extracted inclusion and exclusion lists exactly match the original criteria with no omissions, hallucinations, distortions, or formatting problems.",,NCT01631006
5,2.0,0.0,0.0,"The extracted inclusion and exclusion criteria exactly match the original text with no omissions, hallucinations, distortions, or formatting errors.",,NCT00979264
5,9.0,0.0,0.0,"The extracted inclusion and exclusion criteria exactly match the original text with no omissions, hallucinations, logical distortions, or formatting errors.",,NCT01043991
4,14.0,0.0,0.0,"All inclusion and exclusion criteria from the raw text are present in the extracted lists. The only deviation is the representation of the ≤ symbol as a Unicode escape (""\u2264""), which is a minor formatting issue but does not affect the meaning.",,NCT01753440
5,7.0,0.0,0.0,"All seven inclusion criteria from the original text are present, correctly worded, and no extra or missing items are found. No hallucinations, distortions, or formatting problems are evident.",,NCT00423592
5,4.0,0.0,0.0,"All inclusion and exclusion criteria from the raw text are present, correctly worded, and no extra or missing items were introduced. Formatting of the extracted lists is appropriate.",,NCT02123810
5,10.0,0.0,0.0,"All inclusion and exclusion criteria from the raw text are present in the extracted lists with accurate wording and no added or missing items. No logical distortions, hallucinations, or formatting problems are observed.",,NCT03539627
5,15.0,0.0,0.0,"The extracted inclusion and exclusion lists contain all criteria from the raw eligibility text with exact wording and no additional or missing items. No hallucinations, omissions, or logical distortions are present. Formatting is appropriate for JSON arrays.",,NCT05171686
2,0.0,2.0,1.0,"The extracted inclusion criteria are split into two malformed strings and omit the critical '≥' symbol before the age, altering the meaning of the age requirement. This constitutes a logical distortion and a formatting error. No complete, correct criterion is captured (tp=0), both fragments are incorrect (fp=2), and the original single criterion is effectively missed (fn=1).",Distortion,NCT00616369
5,12.0,0.0,0.0,"The extracted inclusion and exclusion criteria exactly match the original text with no omissions, hallucinations, distortions, or formatting problems.",,NCT01113866
5,9.0,0.0,0.0,"The extracted inclusion and exclusion criteria exactly match the original text with no omissions, hallucinations, logical distortions, or formatting errors.",,NCT05905627
4,15.0,0.0,0.0,"All 6 inclusion criteria and 9 exclusion criteria from the raw text are present in the extracted lists with equivalent meaning. The only deviation is the use of ASCII symbols (>=, <=) and escaped quotation marks, which is a minor formatting issue but does not affect content accuracy.",,NCT00129805
4,9.0,0.0,0.0,"All inclusion and exclusion criteria from the original text are present in the extracted lists. The only issue is a minor formatting problem: the inclusion criteria that involve multiple sub‑criteria (echocardiography findings) are merged into a single long string instead of separate list items. No criteria are omitted, added, or altered.",,NCT00688571
2,10.0,0.0,0.0,"All original criteria are present in the extracted lists, but the first inclusion criterion lost the ""≤"" sign (it reads ""1000g birth weight<1500g"" instead of ""1000g≤ birth weight<1500g"") and includes an unnecessary newline. This omission of the inequality changes the logical meaning, constituting a logical distortion. No criteria are missing or added, so there are no omissions or hallucinations.",Distortion,NCT04283799
2,15.0,1.0,0.0,"All original criteria are present, but the second inclusion criterion incorrectly states LVEF >= 35% instead of <= 35%, which is a logical distortion. Minor formatting issues (escaped quotes and use of "">="" instead of the original ""≥"") are present but do not affect content. No criteria are omitted or hallucinated.",Distortion,NCT01983293
5,3.0,0.0,0.0,"The extracted inclusion and exclusion criteria exactly match the original text with no omissions, hallucinations, distortions, or formatting errors.",,NCT00382421
5,16.0,0.0,0.0,"The extracted inclusion criteria exactly match the four items in the raw text with no omissions, hallucinations, or distortions. The extracted exclusion criteria contain all twelve items from the raw list; the only difference is the correction of a typographical error ('Tupe' to 'Type'), which does not constitute a hallucination or distortion. No extra items are present. Therefore the extraction is perfect.",,NCT03445884
2,20.0,1.0,1.0,"All inclusion criteria are captured; only minor formatting issues (extra quote) are present. Exclusion criteria list includes every original item, but the last criterion is incorrectly rendered as ""Contraindients"" instead of ""Contraindications"", which is a logical distortion of the original text. No criteria are omitted or hallucinated. The presence of this distortion lowers the overall score to 2 (major omission or logical distortion).",Distortion,NCT00558584
3,5.0,0.0,0.0,"All five inclusion criteria are present, but each bullet omits essential quantitative qualifiers: the first bullet lacks the required ""≥ 18 yrs"" age condition, the second bullet omits the ""≥"" before 75, the fourth bullet omits the ""≤"" before 40%, and tab characters are inserted unnecessarily. These are minor omissions rather than added or missing whole criteria.",Omission,NCT00412984
4,11.0,0.0,0.0,"The extracted inclusion and exclusion lists contain all criteria that remain after protocol amendments and do not include any removed or nonexistent items. The only issue is a minor formatting inconsistency in the Age criterion (extra quotation marks). No omissions, hallucinations, or logical distortions are present.",,NCT00400257
2,24.0,2.0,2.0,"The exclusion criteria are fully and accurately captured. In the inclusion criteria, two items are logically distorted: the LVEF threshold is reversed (extracted as >=40% instead of <=40%) and the NT-proBNP limits are reversed (extracted as >= values instead of <=). These distortions constitute major logical errors, resulting in two false positives and two false negatives. No criteria are omitted or hallucinated.",Distortion,NCT05949801
2,13.0,0.0,3.0,"All overall inclusion and exclusion criteria are present and accurate; the BMI entry uses escaped characters and quotes, which is a minor formatting issue. However, the three key inclusion criteria for the glycemic sub‑studies (Insulin +/- Metformin, Sulfonylurea monotherapy, Metformin + SU) are completely omitted, representing a major omission.",Omission,NCT01986881
5,13.0,0.0,0.0,"All inclusion and exclusion criteria from the original text are present, correctly worded, and no additional or missing items were introduced. No logical distortions or formatting errors were detected.",,NCT03770130
5,10.0,0.0,0.0,"All inclusion and exclusion criteria are captured accurately with no missing, extra, or altered items. Minor punctuation differences do not affect content fidelity.",,NCT03919734
5,17.0,0.0,0.0,"All inclusion and exclusion criteria from the raw text are present in the extracted lists with exact wording and no additional or missing items. No logical distortions, hallucinations, or formatting problems were identified.",,NCT04607551
4,5.0,0.0,0.0,"All original criteria are present with correct meaning. The only issue is a minor formatting error in the second inclusion criterion where extra quotation marks and a different symbol ("">="" instead of ""≥"") are used. No omissions, hallucinations, or logical distortions are observed.",,NCT02097602
5,4.0,0.0,0.0,"All inclusion and exclusion criteria from the raw text are present, correctly worded, and no extra or missing items are found. No formatting or logical issues detected.",,NCT05062395
5,8.0,0.0,0.0,"The extracted inclusion and exclusion criteria exactly match the original text with no omissions, hallucinations, distortions, or formatting problems.",,NCT04950244
5,3.0,0.0,0.0,"The extracted inclusion criteria exactly match the three bullet points in the raw eligibility text, and no exclusion criteria were present in either source. There are no omissions, hallucinations, or distortions.",,NCT06013709
4,17.0,0.0,0.0,"All inclusion and exclusion criteria from the original text are present with correct meaning. The only issue is a minor formatting artifact in the inclusion criteria where the less‑than‑or‑equal symbol is represented as ""\b\u2264"" instead of the proper ""≤"". No omissions, hallucinations, or logical distortions were found.",,NCT01872299
5,11.0,0.0,0.0,"All inclusion and exclusion criteria from the raw text are present, correctly phrased, and no extra or missing items are identified. No logical distortions, hallucinations, or formatting problems are observed.",,NCT03993132
4,19.0,0.0,0.0,"All inclusion and exclusion criteria from the raw text are present in the extracted lists. No items are omitted, added, or logically altered. The only deviation is minor formatting artifacts (e.g., ""\b0"" for the degree symbol and occasional trailing periods), which constitute a minor formatting issue.",,NCT02186951
4,8.0,0.0,0.0,"All inclusion criteria are captured exactly. All three exclusion conditions are present, though the exclusion list is split into three separate strings with leading conjunctions, which is a minor formatting issue but no content is omitted or distorted.",,NCT01090245
2,5.0,0.0,0.0,"All five raw elements are present, but the extraction omits critical inequality symbols (≥ 6 months, ≤ 60 ml/min/1.73 m^2, ≥ 2 mg/mmol) altering the meaning of the criteria. The third item loses the '≥' qualifier and the CKD identification clause loses both the ≤ and ≥ signs, which is a logical distortion. Additionally, line‑break artifacts (\r\n) are introduced, a formatting issue. No extra (hallucinated) criteria are added, and no whole criteria are missing, but the loss of quantitative thresholds constitutes a major distortion, warranting a score of 2.",Distortion,NCT04445181
5,1.0,0.0,0.0,"The extracted inclusion criterion exactly matches the original text, and no exclusion criteria were present in the source. No omissions, hallucinations, or distortions are observed.",,NCT00541801
5,21.0,0.0,0.0,"All 8 inclusion criteria and all 13 exclusion criteria from the raw text are present in the extracted lists with no missing items, no added items, and no alteration of meaning. The wording faithfully mirrors the source, and formatting is acceptable. Therefore the extraction is perfect.",,NCT04764630
5,16.0,0.0,0.0,"All inclusion and exclusion criteria from the raw text are present, correctly worded, and no extra or missing items are detected. Formatting is acceptable with proper string representation.",,NCT00502528
4,8.0,0.0,0.0,"All inclusion and exclusion criteria from the raw text are present in the extracted lists with correct content. The only issue is minor formatting: sub‑criteria under items 5 and 6 are combined into single strings rather than separate entries, which is a small formatting deviation but does not affect the factual accuracy.",,NCT03478267
5,4.0,0.0,0.0,"The extracted inclusion and exclusion criteria exactly match the original text with no omissions, hallucinations, or distortions. All items are correctly captured and formatted.",,NCT03695536
5,17.0,0.0,0.0,"All inclusion and exclusion criteria from the raw text are present in the extracted lists with identical content and no additional or missing items. No logical distortions, hallucinations, or formatting problems were detected.",,NCT00494195
5,11.0,0.0,0.0,"The extracted inclusion and exclusion criteria exactly match the raw eligibility text. No items are omitted, added, or altered, and the formatting (list of strings) faithfully represents the original bullet points. Therefore the extraction is perfect.",,NCT00089895
5,13.0,0.0,0.0,"All inclusion and exclusion criteria from the raw text are present in the extracted lists with equivalent meaning. Minor punctuation differences (e.g., removal of trailing commas) do not affect content. No items are missing, added, or altered.",,NCT02231528
2,27.0,0.0,0.0,"All original inclusion and exclusion items are present, but the extracted inclusion criterion 6 incorrectly states the wall motion index as "">= 1.2"" whereas the source specifies ""≤ 1.2"" (the original uses an ambiguous ""£"" likely meaning ≤). This reverses the intended threshold and constitutes a logical distortion. No extra (hallucinated) criteria or missing items were found. Minor formatting artifacts (escaped characters) are present but do not affect the content.",Distortion,NCT00525707
5,8.0,0.0,0.0,"All inclusion and exclusion criteria from the raw text are present, correctly worded, and no extra or missing items were found. No formatting or logical issues detected.",,NCT03063307
2,16.0,0.0,0.0,"All 10 exclusion criteria are captured exactly with no hallucinations or distortions. All 6 inclusion criteria are present, but two are severely truncated: the nHCM wall‑thickness requirement (≥15 mm or ≥13 mm with family history) is omitted, and the LVEF requirement (≥55% determined by echo central lab) is missing. These omissions remove essential quantitative thresholds, representing a major loss of information. Additionally, the first inclusion item ends with an stray quote and the third inclusion item ends with a stray comma, indicating formatting errors. Because of the major omissions of key eligibility details, the extraction receives a score of 2.",Omission,NCT03442764
4,32.0,0.0,0.0,"All inclusion and exclusion criteria from the raw text are present in the extracted lists. The only deviation is a minor formatting issue in the inclusion criterion for age, where the symbol was changed to "">="" and extra quotation marks were added. No items are missing, added, or logically altered.",,NCT01471522
5,29.0,0.0,0.0,"All 7 inclusion criteria and all 22 exclusion criteria from the raw text are present in the extracted lists with no missing items, no added items, and no substantive changes to meaning. Minor formatting differences (Unicode encoding, bullet representation) do not affect content fidelity.",,NCT00751972
5,6.0,0.0,0.0,"The extracted inclusion and exclusion criteria exactly match the original text with no missing items, no added items, and no alterations. Formatting is appropriate and faithful to the source.",,NCT01437553
4,23.0,0.0,0.0,"All 5 inclusion and 18 exclusion criteria from the raw text are present in the extracted lists with faithful wording. The only issue is a minor formatting artifact in the first inclusion item (an extra quotation mark and escaped >= sign). No criteria are omitted, added, or logically altered.",,NCT04566653
5,1.0,0.0,0.0,"The extracted inclusion criteria exactly matches the sole item in the raw eligibility text, and no exclusion criteria are present, so the extraction is complete and accurate with no omissions, hallucinations, or distortions.",,NCT00427739
5,12.0,0.0,0.0,"All inclusion and exclusion criteria were extracted exactly as presented in the raw text with no omissions, hallucinations, logical distortions, or formatting problems.",,NCT00032630
2,13.0,1.0,1.0,"All exclusion criteria are extracted correctly. In the inclusion criteria, four items match the original text exactly. One item (CHA2DS2-VASc-Score) is extracted without the required '≥' symbols, changing the threshold meaning; this is a logical distortion and also a formatting error. Consequently the correct version of this criterion is missing (false negative) and the distorted version counts as a false positive. The missing trademark symbol and extra tabs are minor formatting issues but do not affect the meaning. Overall, the presence of a logical distortion leads to a score of 2.",Distortion,NCT02341534
2,8.0,0.0,3.0,"The extracted inclusion criteria contain only the ejection fraction item (and with excessive whitespace and missing the ≤40% and 12‑month qualifier). Three whole inclusion criteria—established heart failure diagnosis, age >18 years, and Vitamin D level categories—are omitted. No extra (hallucinated) criteria are present. Exclusion criteria are fully and correctly captured. The primary problem is omission of multiple inclusion items, leading to a major omission score.",Omission,NCT01993537
5,28.0,0.0,0.0,"The extracted inclusion and exclusion criteria exactly match the raw eligibility criteria. No items are omitted, added, or altered. Formatting is appropriate and there are no logical distortions.",,NCT04942977
4,15.0,0.0,0.0,"All inclusion and exclusion criteria from the raw text are present in the extracted lists. No items are missing (no false negatives) and no extra items are introduced (no false positives). The only discrepancy is a minor formatting change in the first exclusion criterion where the original '≥' symbol is rendered as "">="" with escaped quotes. This does not alter the meaning but constitutes a minor formatting issue.",,NCT06236828
5,16.0,0.0,0.0,"All inclusion and exclusion criteria from the raw text are present, correctly worded, and no extra or missing items were found. The extraction is complete and accurate with proper JSON formatting.",,NCT01039467
5,11.0,0.0,0.0,"All 4 inclusion criteria and all 7 exclusion criteria are present, accurately worded, and no extra or missing items are detected. No logical distortions, hallucinations, or formatting errors affect the fidelity of the extraction.",,NCT02653365
5,7.0,0.0,0.0,"The extracted inclusion and exclusion criteria exactly match the raw eligibility criteria with no omissions, hallucinations, logical distortions, or formatting issues.",,NCT02372292
5,6.0,0.0,0.0,"All inclusion and exclusion criteria from the original text are present, correctly worded, and no extra or missing items are detected. No logical distortions or formatting errors affect the content.",,NCT00182065
4,7.0,0.0,0.0,"All inclusion and exclusion criteria from the raw text are present in the extracted lists with correct content. The only issues are minor formatting inconsistencies in the second exclusion item (missing spaces after commas and after 'or', and an extra period at the end). No criteria are omitted, added, or distorted.",,NCT02533921
4,6.0,0.0,0.0,"All inclusion and exclusion criteria are present and correct in content. The first inclusion item has a formatting error (""(>
18 years)"" instead of ""(≥18 years)"") but no information is omitted or distorted. No hallucinations or logical distortions are observed.",,NCT03974321
5,10.0,0.0,0.0,"The extracted inclusion and exclusion criteria exactly match the raw eligibility text with no omissions, hallucinations, distortions, or formatting problems.",,NCT04337736
5,3.0,0.0,0.0,"The extracted inclusion and exclusion criteria exactly match the raw eligibility text with no missing elements, no added information, and no alterations in meaning. Formatting is appropriate (arrays of strings). Therefore, the extraction is perfect.",,NCT06355011
4,16.0,1.0,0.0,"All genuine inclusion and exclusion criteria from the raw text are present. The only issue is the inclusion list contains an extra item ""One or more of the following:"" which is a header, not an actual criterion. This is a minor formatting/hallucination error, resulting in one false positive but no omissions or distortions.",Hallucination,NCT00780234
5,7.0,0.0,0.0,"The extracted inclusion and exclusion criteria exactly match the raw eligibility text with no omissions, hallucinations, logical distortions, or formatting issues.",,NCT01856309
5,9.0,0.0,0.0,"All inclusion and exclusion criteria are extracted exactly as in the raw text with no omissions, hallucinations, or distortions. Formatting is faithful.",,NCT02265016
5,21.0,0.0,0.0,"The extracted inclusion and exclusion criteria exactly match the raw eligibility criteria with no omissions, hallucinations, or logical distortions. All items are present and correctly formatted as strings within JSON arrays.",,NCT00536887
2,21.0,1.0,1.0,"All exclusion criteria were extracted accurately (18 true positives, no false positives or false negatives). In the inclusion set, three criteria were captured correctly. The age criterion was extracted with a logical distortion (original >= 18 years was rendered as > 18 years) and contains formatting artifacts (extra quotes and commas). This constitutes a major logical distortion, resulting in one false positive (the incorrect age statement) and one false negative (the correct >= 18 years criterion is missing). Overall the extraction suffers a major distortion, yielding a score of 2.",Distortion,NCT00878384
5,2.0,0.0,0.0,"The extracted inclusion and exclusion criteria exactly match the original text with no omissions, hallucinations, distortions, or formatting problems.",,NCT03740477
5,2.0,0.0,0.0,"Both inclusion and exclusion criteria are extracted verbatim from the raw text with no omissions, hallucinations, or distortions. Formatting is appropriate.",,NCT03815032
5,5.0,0.0,0.0,"All inclusion and exclusion criteria are extracted accurately with no omissions, hallucinations, or logical distortions. Formatting is appropriate.",,NCT02591732
5,14.0,0.0,0.0,"The extracted inclusion and exclusion criteria exactly match the raw eligibility text with no omissions, hallucinations, logical distortions, or formatting errors.",,NCT00263263
5,3.0,0.0,0.0,"All inclusion criteria from the original text are present and accurately captured; no exclusion criteria exist and the extraction correctly reflects an empty list. No omissions, hallucinations, or logical distortions are observed.",,NCT01466621
5,8.0,0.0,0.0,"All inclusion and exclusion criteria from the raw text are present, correctly worded, and no extra or missing items were introduced. No logical distortions or formatting errors detected.",,NCT01173393
5,5.0,0.0,0.0,"The extracted inclusion criteria capture all essential elements of the original text: consecutive ambulatory HF patients, attendance at outpatient HF clinics in the Italian centers, age ≥18, and at least one prescription of Sacubitril/Valsartan within the specified date range. No criteria are missing, added, or distorted. The exclusion criterion is identical to the original. Minor formatting quirks (escaped quotes) do not affect content fidelity.",,NCT05448872
5,18.0,0.0,0.0,"The extracted inclusion and exclusion criteria exactly match the original list with no omissions, hallucinations, or logical distortions. Formatting is correct and all items are present.",,NCT01721967
5,19.0,0.0,0.0,All inclusion and exclusion criteria from the raw text are present in the extracted lists with exact wording and no extra or missing items. No hallucinations or logical distortions are observed. Formatting of the JSON arrays is correct.,,NCT00284830
5,4.0,0.0,0.0,"The extracted inclusion and exclusion criteria capture all elements of the original text accurately with no omissions, hallucinations, or logical distortions. Formatting is appropriate.",,NCT02973230
5,3.0,0.0,0.0,"All inclusion and exclusion criteria from the raw text are present and accurately captured. No criteria are omitted, added, or altered. The only difference is the removal of the leading dash in the exclusion bullet, which is a trivial formatting change and does not affect content.",,NCT03742167
5,5.0,0.0,0.0,"All inclusion and exclusion criteria from the raw text are present, correctly worded, and no extra or missing items are found. No logical distortions or formatting errors detected.",,NCT02789800
5,12.0,0.0,0.0,"The extracted inclusion and exclusion criteria exactly match the original text with no omissions, hallucinations, distortions, or formatting problems.",,NCT00551681
2,10.0,0.0,1.0,"All five exclusion criteria are extracted exactly as in the source. Five of the six inclusion criteria match perfectly. One inclusion criterion (left ventricular ejection fraction) is altered: the original states the echocardiogram must be performed within ≤ 1 year, but the extraction changes this to '< 1 year' and inserts an extra newline, constituting a logical distortion of the time constraint. This represents a minor omission of the precise condition, with no extra (hallucinated) criteria present. The main issue is a logical distortion, resulting in a score of 2.",Distortion,NCT01593007
2,5.0,3.0,3.0,"The extraction captures all items but several key logical symbols are missing. In the inclusion criteria the '>' sign for medication duration and the '≥'/'≤' signs for hemodynamic thresholds are omitted, altering the meaning. In the exclusion criteria the '≤' sign for pO2 is omitted. These are major logical distortions rather than mere formatting issues. Consequently, only 5 of the 11 raw criteria are correctly extracted (TP), 3 extracted statements are incorrect (FP), and 3 raw statements are not correctly represented (FN).",Distortion,NCT05186987
5,8.0,0.0,0.0,"The extracted inclusion and exclusion lists exactly match the raw eligibility criteria with no missing, extra, or altered items. Formatting is correct and there are no logical distortions.",,NCT03930004
4,18.0,0.0,0.0,"All inclusion and exclusion criteria from the raw text are present in the extracted lists with correct meaning. The only deviation is minor formatting in the inclusion criteria where '>=' symbols are escaped and quoted (e.g., ""\"">=\"" 55 years""). This does not alter the clinical meaning, so it is a minor formatting issue rather than an omission, distortion, or hallucination.",,NCT02966028
4,9.0,0.0,0.0,"All inclusion and exclusion criteria from the raw text are present in the extracted lists. The only issue is a minor formatting irregularity in the age criterion ('Age "">="" 18' instead of a clean 'Age ≥ 18'), which does not affect the semantic content. No omissions, hallucinations, or logical distortions are observed.",,NCT05160207
5,2.0,0.0,0.0,"The extracted inclusion and exclusion criteria exactly match the original text with no omissions, hallucinations, logical distortions, or formatting problems.",,NCT03749434
5,9.0,0.0,0.0,"All inclusion and exclusion criteria from the original text are present, accurately worded, and no extra or missing items were identified. No logical distortions, hallucinations, or formatting errors were observed.",,NCT00268944
4,19.0,0.0,0.0,"All inclusion and exclusion criteria from the raw text are present in the extracted lists. The only issue is a minor formatting error in the age criterion (""Men or women age "">=""18"" instead of ""Men or women age ≥18""). No items are omitted, added, or logically altered.",,NCT03508609
4,9.0,0.0,0.0,"All criteria are present, but several inequality symbols (≥, <) are missing and stray carriage-return characters appear, which are minor formatting/omission issues without adding or removing any criteria.",Omission,NCT04736498
4,13.0,0.0,0.0,"All inclusion and exclusion criteria from the original text are present in the extracted lists with correct meaning. The only issues are minor formatting artifacts (escaped greater‑than and less‑than symbols) that do not alter the clinical content. No criteria are omitted, added, or distorted.",,NCT00352014
5,15.0,0.0,0.0,"All inclusion and exclusion criteria from the raw text are present in the extracted lists. The only discrepancy is a minor typographical error ('value' instead of 'valve') which does not alter the meaning. No criteria are omitted, hallucinated, or logically distorted, and formatting conforms to the required JSON array format.",,NCT01251406
4,27.0,0.0,0.0,"All original inclusion and exclusion criteria are present; however, several items suffer from formatting glitches (splitting of strings) and omission of inequality symbols (e.g., missing '>=' for dyspnea rate, missing '<=' for wall motion index, missing '>=' for creatinine). No hallucinated or omitted criteria were found.",,NCT00524433
5,2.0,0.0,0.0,"The extracted inclusion and exclusion criteria exactly match the original text with no omissions, hallucinations, or distortions.",,NCT02247947
4,8.0,0.0,0.0,"All inclusion and exclusion criteria are present and accurate. The only discrepancy is the removal of an escape backslash before the greater-than sign in one exclusion item, which is a minor formatting issue.",,NCT00589836
5,6.0,0.0,0.0,"All extracted inclusion and exclusion criteria exactly match the raw eligibility text with no omissions, hallucinations, logical distortions, or formatting problems.",,NCT01470599
5,5.0,0.0,0.0,"The extracted inclusion and exclusion criteria exactly match the original text with no omissions, hallucinations, logical distortions, or formatting problems. All five criteria (four inclusion, one exclusion) are present and correctly worded.",,NCT05285163
5,4.0,0.0,0.0,"The extracted inclusion and exclusion criteria precisely capture all elements of the original text without omissions, hallucinations, or distortions. Formatting is appropriate.",,NCT04068714
5,9.0,0.0,0.0,"All inclusion and exclusion criteria from the raw text are present, correctly worded, and no extra or missing items were found. No formatting or logical issues detected.",,NCT06373549
4,28.0,0.0,0.0,"All inclusion and exclusion criteria from the raw text are present in the extracted lists with correct content. No criteria are omitted, added, or distorted. The only issue is a minor formatting artifact (escaped quotation mark before the >= sign in one inclusion item). This does not affect the semantic fidelity, thus a minor formatting penalty is applied.",,NCT01121107
4,19.0,0.0,0.0,"All inclusion and exclusion criteria from the original text are present in the extracted lists. No criteria are omitted, added, or logically altered. Minor formatting problems such as typographical errors (e.g., ""leat"", ""folllowing"", ""creteria""), missing closing parentheses, and inconsistent spacing are observed, which constitute only formatting issues.",,NCT05367063
2,6.0,2.0,2.0,"Inclusion criteria contain two major errors: the LVEF threshold is reversed (extracted says >=40% instead of <=40%) and the β1 AAb marker is mis‑recorded as ""1 AAb"" (loss of the beta symbol). These constitute logical distortions and hallucinations. The age and NYHA class items are correct (minor formatting issues). All four exclusion criteria are correctly captured (only minor quote formatting). Overall, there are 6 true positives, 2 false positives, and 2 false negatives, leading to a score of 2 due to the major distortions in the inclusion set.",Distortion,NCT04192214
2,11.0,1.0,1.0,"The extraction includes all four inclusion items and eight exclusion items, but the third inclusion criterion is incorrectly rendered: the original '≥11' is transformed into a garbled string '\"",equal\""11', which changes the meaning (logical distortion) and also introduces a formatting error. This counts as one false positive (incorrectly extracted) and one false negative (the correct criterion is not accurately captured). No other omissions, hallucinations, or distortions are present.",Distortion,NCT02470247
5,20.0,0.0,0.0,"The extracted inclusion and exclusion criteria exactly match the original eligibility text. All 3 inclusion items and all 17 exclusion items are present with no omissions, hallucinations, or logical distortions. Formatting is consistent and no extra items were introduced.",,NCT02740179
2,12.0,0.0,2.0,"The extraction omits two essential criteria: the age requirement (≥50 years) is split into incomplete fragments and loses the >= sign, and the severe hypoglycemia criterion lacks the required '≥2 episodes' wording. No hallucinated criteria are present, but the missing elements constitute major omissions and logical distortion. All other criteria are captured, albeit with formatting glitches, resulting in 12 true positives, 2 false negatives, and 0 false positives.",Omission,NCT03936062
5,9.0,0.0,0.0,"All inclusion and exclusion criteria from the raw text are present, correctly worded, and no extra or missing items are detected. No logical distortions or hallucinations are observed. Formatting of the extracted lists is appropriate.",,NCT03183323
5,4.0,0.0,0.0,"The extracted inclusion and exclusion criteria capture all elements of the original text without omission, hallucination, or distortion. Items are correctly split and phrased, matching the source.",,NCT00180596
5,7.0,0.0,0.0,"The extracted inclusion and exclusion criteria exactly match the original text with no omissions, hallucinations, distortions, or formatting errors.",,NCT01049308
5,15.0,0.0,0.0,"The extracted inclusion and exclusion criteria exactly match the original text. All items are present, no extra or missing items, and no logical distortions. Formatting is acceptable.",,NCT03742050
5,5.0,0.0,0.0,"The extracted inclusion and exclusion criteria exactly match the original text with no omissions, hallucinations, distortions, or formatting errors.",,NCT02513524
4,9.0,0.0,0.0,"All inclusion and exclusion items are present and accurate. The only deviation is minor formatting: backslashes used in the raw text to escape symbols are omitted in the extraction, which is a trivial formatting difference.",,NCT01213784
5,3.0,0.0,0.0,"All inclusion and exclusion criteria from the raw text are present, accurate, and no extra or missing items were identified. No logical distortions or formatting problems were observed.",,NCT02019160
5,3.0,0.0,0.0,"The extracted inclusion and exclusion criteria exactly match the original text with no omissions, hallucinations, or distortions. All items are correctly captured and formatted.",,NCT00000607
5,4.0,0.0,0.0,"The extracted inclusion and exclusion criteria exactly match the original text with no omissions, hallucinations, distortions, or formatting problems.",,NCT01962584
2,5.0,4.0,4.0,"The extraction omitted all inclusion criteria (4 false negatives) and misclassified them as exclusions, resulting in 4 false positives. Only the true exclusion items were correctly identified (5 true positives). This represents a major omission and logical distortion of the original criteria.",Distortion,NCT00001459
2,7.0,1.0,1.0,"The exclusion criteria are extracted perfectly (6 true positives, no false positives or false negatives). For inclusion, the first criterion matches exactly (true positive). The second extracted item ""Age "",""18 years"" is malformed: it omits the required ""≥"" sign and contains extraneous characters, so it does not correctly represent the raw criterion ""Age ≥18 years"". This counts as a false positive and also means the correct age criterion is missing (false negative). The error is a logical distortion with formatting problems, warranting a score of 2.",Distortion,NCT03421873
5,2.0,0.0,0.0,"Both inclusion and exclusion criteria are extracted exactly as presented in the original text with no omissions, hallucinations, or logical distortions. Formatting is appropriate.",,NCT00138996
5,4.0,0.0,0.0,"All eligibility elements from the original text are correctly captured in the inclusion list, and no extraneous items are added. No exclusion criteria were present in the source and none were incorrectly listed. Therefore the extraction is perfect with no omissions, hallucinations, or distortions.",,NCT00000480
5,10.0,0.0,0.0,"The extracted inclusion and exclusion criteria exactly match the raw eligibility text with no omissions, hallucinations, or logical distortions. Formatting is appropriate.",,NCT05485467
4,8.0,0.0,0.0,"All criteria are present and accurate. The only issue is a minor formatting difference in the age criterion (using "">="" and extra quotes instead of the original ""≥"").",,NCT02658136
5,1.0,0.0,0.0,"The extracted inclusion criterion exactly matches the original text, and the exclusion list correctly reflects the absence of any exclusion criteria. No omissions, hallucinations, or distortions are present.",,NCT06596499
5,8.0,0.0,0.0,"All inclusion and exclusion criteria are extracted accurately with no omissions, hallucinations, or distortions. Formatting differences are negligible and do not affect content fidelity.",,NCT00493844
5,8.0,0.0,0.0,"All inclusion and exclusion criteria from the raw text are present, correctly worded, and no extra or missing items were found. Extraction is perfect.",,NCT00752128
5,4.0,0.0,0.0,"The extracted inclusion and exclusion criteria exactly match the original text with no omissions, hallucinations, distortions, or formatting problems.",,NCT01791764
5,0.0,0.0,0.0,"The original text states there are no eligibility criteria. The extracted inclusion and exclusion lists are both empty, accurately reflecting the source with no omissions, hallucinations, or distortions.",,NCT00094263
4,6.0,1.0,0.0,"All inclusion criteria are correctly extracted. Five of six exclusion criteria match exactly. The entry for low LVEF is distorted: the original '≤ 25%' is rendered as '\b\bas 25%', which is a formatting/logic error. No items are omitted, and no extra hallucinated items are present.",Distortion,NCT03907267
4,12.0,0.0,0.0,"All inclusion and exclusion criteria from the raw text are present in the extracted lists. The only deviation is a minor formatting change in the hypertension criterion (""BP >= 180/110 mmHg"" rendered as ""(BP "">="", 180/110 mmHg)""), which does not alter the meaning but is a formatting distortion. No omissions, hallucinations, or logical distortions are observed.",Distortion,NCT07378228
5,2.0,0.0,0.0,"The extracted inclusion and exclusion criteria exactly match the original text with no omissions, hallucinations, or distortions. Formatting is appropriate.",,NCT02560844
5,10.0,0.0,0.0,"All inclusion and exclusion criteria are extracted exactly as in the original text with no omissions, hallucinations, or logical distortions. Formatting is appropriate.",,NCT00570206
4,4.0,0.0,0.0,"All inclusion and exclusion items are present and accurate. The only discrepancy is the missing trailing period in the extracted exclusion items, which is a minor formatting issue.",,NCT01411735
5,6.0,0.0,0.0,"The extracted inclusion and exclusion criteria exactly match the original text with no omissions, hallucinations, distortions, or formatting problems.",,NCT03491787
5,13.0,0.0,0.0,"All inclusion and exclusion criteria from the raw text are present, correctly worded, and no extra or missing items are detected. No logical distortions, hallucinations, or formatting problems are observed.",,NCT03098706
5,3.0,0.0,0.0,"The extracted inclusion criteria exactly match all three items from the raw text, and the exclusion criteria correctly reflects the absence of any exclusions. No omissions, hallucinations, or distortions are present.",,NCT02898155
5,3.0,0.0,0.0,"The extracted inclusion and exclusion criteria exactly match the original text with no omissions, hallucinations, distortions, or formatting problems.",,NCT00154115
5,2.0,0.0,0.0,"The extracted inclusion criteria exactly match the two original bullet points, and the extracted exclusion criteria correctly reflects the absence of any exclusions. No items are missing, added, or altered.",,NCT03787810
5,5.0,0.0,0.0,"The extracted inclusion and exclusion criteria exactly match the original text with no omissions, hallucinations, or logical distortions. Formatting is correct.",,NCT01270217
5,5.0,0.0,0.0,"The extracted inclusion and exclusion criteria exactly match the original text with no omissions, hallucinations, distortions, or formatting problems.",,NCT05639868
4,7.0,0.0,0.0,"All raw inclusion and exclusion criteria are present in the extracted lists with correct semantics. The only issues are minor formatting inconsistencies in the inclusion criteria where the greater-or-equal operator is represented as "">="" with extra quotation marks and spaces. No criteria are omitted, added, or logically altered.",,NCT02679846
5,8.0,0.0,0.0,"The extracted inclusion and exclusion criteria exactly match the raw eligibility criteria with no omissions, hallucinations, distortions, or formatting problems.",,NCT04548024
5,2.0,0.0,0.0,"The extracted inclusion and exclusion criteria exactly match the original text with no omissions, hallucinations, distortions, or formatting problems.",,NCT05583513
5,8.0,0.0,0.0,"The extracted inclusion and exclusion criteria exactly match the raw eligibility criteria with no omissions, hallucinations, logical distortions, or formatting errors.",,NCT03534440
5,6.0,0.0,0.0,"The extracted inclusion and exclusion criteria exactly match the original text with no omissions, hallucinations, or logical distortions. Formatting is appropriate.",,NCT00571610
5,5.0,0.0,0.0,"The extracted inclusion and exclusion criteria exactly match the original text with no missing items, no added items, and no alterations. Formatting is appropriate and there are no logical distortions.",,NCT00682526
5,11.0,0.0,0.0,"The extracted inclusion and exclusion criteria exactly match the original list with no omissions, additions, or alterations. All items are present and correctly phrased.",,NCT04019314
5,6.0,0.0,0.0,"The extracted inclusion and exclusion criteria exactly match the original text with no omissions, hallucinations, distortions, or formatting problems.",,NCT05298553
5,2.0,0.0,0.0,"The extracted inclusion criteria exactly match the two items in the raw eligibility text, and no exclusion criteria exist, so the extraction is complete and accurate with no omissions, hallucinations, or distortions.",,NCT01407588
5,7.0,0.0,0.0,"All inclusion and exclusion criteria from the original text are present, correctly worded, and no extra or missing items are observed. No logical distortions or formatting errors affect the content.",,NCT02751242
5,6.0,0.0,0.0,"All inclusion and exclusion criteria from the raw text are present, correctly worded, and no extra or missing items are observed. Formatting of the JSON arrays is appropriate.",,NCT07070856
5,2.0,0.0,0.0,"The extracted inclusion and exclusion criteria exactly match the original text with no omissions, hallucinations, or logical distortions. Formatting is appropriate.",,NCT04588935
5,1.0,0.0,0.0,"The extracted inclusion criterion exactly matches the sole inclusion statement in the raw text, and the exclusion list correctly reflects that there are no exclusion criteria. No omissions, hallucinations, or distortions are present.",,NCT06048562
5,1.0,0.0,0.0,"The extracted inclusion criterion exactly matches the original text, and the exclusion criteria correctly reflect that there are none. No omissions, hallucinations, distortions, or formatting problems are present.",,NCT06878456
5,4.0,0.0,0.0,"The extracted inclusion and exclusion criteria exactly match the original text with no omissions, hallucinations, distortions, or formatting problems.",,NCT06836466
5,4.0,0.0,0.0,"All inclusion and exclusion criteria are extracted exactly as in the original text with no omissions, hallucinations, or logical distortions. Formatting matches the source.",,NCT00881686
2,7.0,0.0,0.0,"All seven unique eligibility criteria from the original text are present in the extracted inclusion list, and no extra (hallucinated) criteria are added. However, the extraction conflates case (inclusion) criteria with control criteria, placing control eligibility items together with case inclusion items. This mixing of distinct participant groups constitutes a logical distortion relative to the original specification.",Distortion,NCT02415686
5,5.0,0.0,0.0,"The extracted inclusion and exclusion lists exactly match the original bullet points with no missing items, no added items, and no altered meaning. Formatting is appropriate for JSON arrays.",,NCT01044290
5,2.0,0.0,0.0,"The extracted inclusion and exclusion criteria exactly match the original text with no omissions, hallucinations, distortions, or formatting problems.",,NCT02496260
5,3.0,0.0,0.0,"The extracted inclusion and exclusion criteria exactly match the original lists with no omissions, hallucinations, or distortions. Formatting is appropriate.",,NCT04917497
5,4.0,0.0,0.0,"The extracted inclusion and exclusion criteria exactly match the original text with no omissions, hallucinations, distortions, or formatting errors.",,NCT03453996
4,4.0,0.0,0.0,"The extracted criteria capture all original items accurately. The only issue is a minor formatting discrepancy: the ACAM2000® trademark symbol is omitted and a newline is inserted before ""vaccine"". No omissions, hallucinations, or logical distortions are present.",,NCT01395082
5,5.0,0.0,0.0,"All inclusion and exclusion criteria from the original text are present, correctly worded, and no extra or missing items are observed. No formatting or logical issues detected.",,NCT00780078
5,5.0,0.0,0.0,"All inclusion and exclusion criteria are extracted exactly as in the original text with no omissions, hallucinations, or logical distortions. Formatting of the arrays is correct.",,NCT03586752
5,7.0,0.0,0.0,"All inclusion and exclusion criteria are extracted exactly as in the original text with no omissions, hallucinations, or distortions. Formatting is correct.",,NCT00781404
5,4.0,0.0,0.0,"The extracted inclusion and exclusion criteria exactly capture all concepts from the original text with no omissions, hallucinations, or logical distortions. Formatting is appropriate; splitting the combined exclusion bullet into separate list items does not constitute an error.",,NCT05574699
5,18.0,0.0,0.0,"The extracted inclusion and exclusion lists exactly match the raw eligibility criteria. No items are missing, added, or altered, and the formatting is appropriate. Therefore, the extraction is perfect.",,NCT04610060
4,6.0,0.0,0.0,"All inclusion and exclusion items from the original text are present with no extra (hallucinated) items and no logical distortions. The only issue is a minor formatting choice: the age requirement, which in the source is part of a single sentence introducing the list, was extracted as a separate bullet. This does not affect content accuracy, so it is a minor formatting issue.",,NCT03695718
5,8.0,0.0,0.0,"The extracted inclusion and exclusion criteria exactly match the raw eligibility criteria with no omissions, hallucinations, distortions, or formatting problems.",,NCT02301689
5,6.0,0.0,0.0,"The extracted inclusion and exclusion criteria exactly match the original text with no omissions, hallucinations, distortions, or formatting problems.",,NCT06605326
5,2.0,0.0,0.0,"The extracted inclusion and exclusion criteria exactly match the original text with no omissions, hallucinations, or logical distortions. Formatting is correct.",,NCT06955351
3,3.0,0.0,1.0,"The extracted inclusion criteria perfectly match the original. The exclusion criteria capture the first two sentences but omit the third sentence about physical activity not being encouraged or limited, resulting in a minor omission.",Omission,NCT05189301
5,6.0,0.0,0.0,"All extracted inclusion and exclusion items exactly match the original criteria with no omissions, hallucinations, or distortions. Formatting is appropriate.",,NCT00292539
5,6.0,0.0,0.0,"The extracted inclusion and exclusion criteria exactly match the raw eligibility criteria with no omissions, hallucinations, distortions, or formatting problems.",,NCT02485977
5,2.0,0.0,0.0,"The extracted inclusion and exclusion criteria exactly match the original text with no omissions, hallucinations, or distortions. Formatting is correct.",,NCT00664222
5,11.0,0.0,0.0,"The extracted inclusion and exclusion criteria exactly match the original text with no omissions, hallucinations, distortions, or formatting issues.",,NCT04014153
5,6.0,0.0,0.0,"The extracted inclusion and exclusion lists exactly match the raw eligibility criteria. No items are missing, added, or altered, and formatting is consistent with the source. Therefore, the extraction is perfect.",,NCT05748054
5,3.0,0.0,0.0,"All inclusion and exclusion criteria from the original text are accurately captured with no omissions, hallucinations, or logical distortions.",,NCT03219996
5,4.0,0.0,0.0,"The extracted inclusion and exclusion criteria exactly match the original text with no omissions, hallucinations, distortions, or formatting errors.",,NCT00303511
5,9.0,0.0,0.0,"The extracted inclusion and exclusion criteria exactly match the raw eligibility text with no omissions, hallucinations, logical distortions, or formatting problems.",,NCT04482816
5,6.0,0.0,0.0,"All inclusion and exclusion criteria are extracted verbatim with no omissions, hallucinations, or distortions. Formatting matches the source.",,NCT03470155
5,37.0,0.0,0.0,"The extracted inclusion and exclusion lists contain every criterion from the raw eligibility text with no missing items, no added (hallucinated) items, and no alterations that change meaning. Minor formatting differences (e.g., whitespace, unicode symbols) do not affect content fidelity. Therefore the extraction is perfect.",,NCT03724812
3,23.0,0.0,1.0,All inclusion criteria are fully captured. Exclusion criteria miss the separate bullet 'Ongoing infection requiring antibiotic therapy' which is distinct from 'Current infection requiring prescription of antibiotics'. No extra criteria are introduced. Hence a minor omission leads to a score of 3.,Omission,NCT04646811
2,27.0,0.0,1.0,"The extracted lists contain all items from the original criteria, but the inclusion criterion regarding LVEF omits the essential ""≤"" sign (""LVEF ≤45%"" becomes ""LVEF 45%""), which changes the clinical threshold and constitutes a logical distortion. Additionally, a minor typographical error ""CABJ"" instead of ""CABG"" is present. No items are missing or added beyond the original set, so false positives are zero and there is one false negative due to the distorted LVEF criterion.",Distortion,NCT03418233
4,11.0,0.0,0.0,"The extracted criteria faithfully reproduce all raw inclusion and exclusion items. The only issue is a minor formatting artifact in the inclusion list where the less‑than‑or‑equal symbol is represented as ""\b\u2264"" instead of the proper ""≤"". No items are omitted, added, or logically altered.",,NCT01437371
5,6.0,0.0,0.0,"All inclusion and exclusion criteria from the raw text are present, correctly worded, and no extra or missing items are found. No formatting errors affect the content.",,NCT00317252
5,2.0,0.0,0.0,"The extracted inclusion and exclusion criteria exactly match the original text with no omissions, hallucinations, or distortions. Formatting is correct.",,NCT00884559
5,8.0,0.0,0.0,"The extracted inclusion criterion exactly matches the sole inclusion statement in the raw text. All eight distinct exclusion criteria from the raw list are present in the extracted list, with combined bullet items correctly split into separate entries. No criteria are missing, added, or altered, and the formatting is appropriate.",,NCT01367197
4,14.0,0.0,0.0,"All original inclusion and exclusion items are present in the extracted lists. The only issues are minor formatting problems: the first inclusion entry concatenates the introductory phrase with the first condition, and there are small inconsistencies such as missing spaces after 'according ot the' and capitalization differences. No items are omitted, added, or logically altered.",,NCT01859897
4,14.0,0.0,0.0,"All inclusion and exclusion criteria from the raw text are present in the extracted lists, so there are no omissions or hallucinations. The only issue is the renal disease criterion, which is combined into a single string with garbled escape sequences and missing inequality symbols, representing a minor formatting distortion. Therefore the extraction is mostly correct with a minor formatting issue.",Distortion,NCT01053910
4,48.0,0.0,0.0,"The extracted inclusion and exclusion lists contain all criteria present in the raw text with accurate wording and no added or missing items. Minor formatting inconsistencies (extra spaces, punctuation differences) are present but do not affect the semantic fidelity, leading to a near‑perfect extraction. No hallucinations, omissions, or logical distortions were identified.",,NCT03030274
5,15.0,0.0,0.0,"All inclusion and exclusion criteria from the raw text are present, correctly worded, and no additional or altered items are introduced. No omissions, hallucinations, logical distortions, or formatting problems are observed.",,NCT02222818
4,23.0,0.0,0.0,All inclusion and exclusion criteria from the raw text are present in the extracted lists. No criteria are missing (no false negatives) and no extra criteria are introduced (no false positives). The only deviation is a minor formatting issue: the inclusion bullet points are concatenated into a single string rather than separate list items. Content fidelity is otherwise perfect.,,NCT02925624
4,17.0,0.0,0.0,"All inclusion and exclusion criteria are present and semantically correct. The inclusion criteria contain minor formatting artifacts such as escaped quotes and the use of "">="" and ""<="" instead of the original symbols, but no content is omitted, hallucinated, or distorted.",,NCT05219708
2,8.0,2.0,2.0,"All raw criteria are present in the extracted lists, but two inclusion items are missing critical inequality symbols (≤ and <), altering their meaning. These are logical distortions, not mere formatting errors. No extra (hallucinated) criteria are introduced. Consequently, there are 8 true positives (correctly captured items), 2 false positives (the distorted items), and 2 false negatives (the same items because they are not correctly captured). The presence of logical distortions warrants a score of 2.",Distortion,NCT04598646
4,11.0,0.0,0.0,"All original inclusion and exclusion criteria are present; however, several extracted items contain unnecessary escape characters and formatting artifacts (e.g., ""\"">=\""18"" instead of ""≥18"", ""\"">=\""7"" instead of ""≥7"", extra quotes around numeric thresholds). These are minor formatting issues but do not alter the meaning.",,NCT03673397
5,3.0,0.0,0.0,"The extracted inclusion and exclusion criteria exactly match the raw eligibility text with no omissions, hallucinations, distortions, or formatting problems.",,NCT05711810
5,11.0,0.0,0.0,"The extracted inclusion and exclusion lists exactly match the raw eligibility criteria with no missing items, no added items, and no alterations. Formatting is appropriate as JSON string arrays.",,NCT01887262
5,6.0,0.0,0.0,"All inclusion and exclusion criteria from the original text are present, correctly worded, and no extra or missing items were identified.",,NCT00692991
5,14.0,0.0,0.0,"All inclusion and exclusion criteria are present and accurately reflect the original text. No items are missing, added, or altered. Unicode escapes represent the same characters, which is a neutral formatting choice.",,NCT02630290
5,7.0,0.0,0.0,"All inclusion and exclusion criteria from the raw text are present, accurately worded, and no extra or missing items were found. No logical distortions or formatting problems detected.",,NCT02599935
5,10.0,0.0,0.0,"The extracted inclusion criteria capture all unique items from the raw text without adding any non‑existent items. Duplicated criteria across cohorts are represented once, which is appropriate and does not constitute an omission. The extracted exclusion criteria exactly match the raw list. No hallucinations, logical distortions, or formatting problems are present.",,NCT03948776
5,16.0,0.0,0.0,"All inclusion and exclusion criteria from the raw text are present, correctly worded, and no extra or missing items were found. No logical distortions or formatting problems detected.",,NCT00494117
4,6.0,0.0,0.0,"The extracted criteria capture all content from the raw eligibility text. The only issue is the removal of the word 'AND' before the second inclusion criterion, which is a minor formatting discrepancy but does not alter meaning.",,NCT02837497
4,13.0,0.0,0.0,"All inclusion and exclusion criteria from the raw text are present in the extracted lists. Minor formatting differences such as the use of '<=' instead of '≤' and an extra space in 'cryo- ablation' do not affect the semantic content, resulting in a minor formatting issue.",,NCT02757443
5,4.0,0.0,0.0,"All inclusion and exclusion criteria from the raw text are present in the extracted lists with no missing items, no added items, and no logical distortions. Minor formatting differences are absent; the extraction faithfully reproduces the original criteria.",,NCT04078815
5,17.0,0.0,0.0,"All inclusion and exclusion criteria from the raw text are present in the extracted lists with exact wording and no additional or missing items. No hallucinations, omissions, or logical distortions were detected.",,NCT00825318
5,10.0,0.0,0.0,"The extracted inclusion and exclusion criteria exactly match the original text with no missing items, no added items, and no alterations. Formatting is acceptable.",,NCT01814228
4,7.0,0.0,0.0,"The extracted lists contain all inclusion and exclusion criteria present in the raw text with no missing or extra items. The wording is faithful; only a minor formatting difference (Unicode representation of the section symbol) is observed, which does not affect meaning.",,NCT04327128
5,9.0,0.0,0.0,"The extracted inclusion and exclusion lists exactly match the raw eligibility criteria with no missing, extra, or altered items.",,NCT02814474
5,11.0,0.0,0.0,"The extracted inclusion and exclusion criteria exactly match the original text with no omissions, hallucinations, logical distortions, or formatting problems.",,NCT02317068
5,6.0,0.0,0.0,"All inclusion and exclusion criteria are extracted exactly as in the original text with no omissions, hallucinations, or logical distortions. Formatting is correct.",,NCT01413399
5,4.0,0.0,0.0,"The extracted inclusion and exclusion criteria exactly match the original text with no omissions, hallucinations, or logical distortions. Formatting is correct.",,NCT03024021
4,6.0,0.0,0.0,"All inclusion and exclusion criteria from the raw text are present in the extracted lists. The only issues are minor formatting inconsistencies, such as an extra space before a comma and the collapsing of bullet points into a single sentence, which do not affect the semantic content.",,NCT03091959
5,4.0,0.0,0.0,"All inclusion and exclusion criteria are extracted exactly as in the raw text with no omissions, hallucinations, or distortions. Formatting is correct.",,NCT00820027
5,5.0,0.0,0.0,"The extracted inclusion and exclusion lists exactly match the original eligibility criteria with no omissions, hallucinations, distortions, or formatting errors.",,NCT02648061
5,2.0,0.0,0.0,"The extracted inclusion criteria exactly match the two items in the original text, and the exclusion criteria correctly reflects 'none' with an empty list. No omissions, hallucinations, or distortions are present.",,NCT00261664
5,13.0,0.0,0.0,"The extracted inclusion and exclusion criteria exactly match the original text with no omissions, hallucinations, logical distortions, or formatting errors. All 13 criteria are correctly captured.",,NCT02517632
5,9.0,0.0,0.0,"The extracted inclusion and exclusion lists contain all items from the raw eligibility criteria with exact wording and no extra or missing entries. No logical distortions, hallucinations, or formatting problems are present.",,NCT01294111
5,6.0,0.0,0.0,"All extracted inclusion and exclusion criteria exactly match the original text; there are no omissions, hallucinations, logical distortions, or formatting problems.",,NCT01144819
5,8.0,0.0,0.0,"The extracted inclusion and exclusion criteria exactly match the raw eligibility criteria with no omissions, hallucinations, logical distortions, or formatting errors.",,NCT02464865
5,13.0,0.0,0.0,"The extracted inclusion and exclusion lists exactly match the raw eligibility criteria with no missing items, no added items, and no alterations. Formatting is appropriate.",,NCT02754921
5,4.0,0.0,0.0,"The extracted inclusion and exclusion criteria exactly match the original text with no omissions, hallucinations, or logical distortions. All items are present and correctly phrased.",,NCT05408104
5,4.0,0.0,0.0,"All inclusion and exclusion criteria from the original text are present, correctly worded, and no extra or missing items were introduced. No logical distortions or hallucinations detected.",,NCT05191992
5,13.0,0.0,0.0,"All inclusion and exclusion criteria are present, correctly captured, and no extra or missing items are found. Minor formatting differences (e.g., use of "">="" instead of ""≥"") do not affect content.",,NCT03186092
5,11.0,0.0,0.0,"The extracted inclusion and exclusion criteria exactly match the original lists. No items are missing, added, or altered. Formatting of the JSON arrays is correct. Therefore the extraction is perfect.",,NCT01220349
5,6.0,0.0,0.0,"All inclusion and exclusion criteria from the raw text are present, correctly worded, and no extra or missing items were identified. No logical distortions or hallucinations detected.",,NCT04323852
5,4.0,0.0,0.0,"The extracted inclusion and exclusion criteria exactly match the raw eligibility text with no omissions, hallucinations, distortions, or formatting problems.",,NCT04431349
4,5.0,0.0,0.0,"All inclusion and exclusion criteria are present and semantically identical to the original text. The only discrepancy is the removal of a semicolon after the second inclusion item, which is a minor formatting difference.",,NCT05721417
2,6.0,1.0,1.0,"The extracted exclusion criteria match the original perfectly. In the inclusion criteria, the age condition was altered from ""≥ 20 years"" to "" > 20 years"", changing the meaning and constituting a logical distortion. All other criteria are correctly extracted. This distortion warrants a score of 2 according to the rubric.",Distortion,NCT04741724
5,4.0,0.0,0.0,"The extracted inclusion and exclusion criteria exactly match the original lists with no omissions, hallucinations, logical distortions, or formatting issues.",,NCT00469248
2,6.0,2.0,1.0,"Exclusion criteria are extracted perfectly (6 true positives, no false positives or false negatives). Inclusion criterion is incorrectly split into two fragments, omitting the critical '≤' symbol and altering the meaning; thus the original single criterion is not correctly captured (0 true positives, 2 false positives, 1 false negative). This constitutes a major logical distortion.",Distortion,NCT02847585
5,5.0,0.0,0.0,"All inclusion and exclusion criteria are extracted exactly as in the original text with no omissions, distortions, hallucinations, or formatting problems.",,NCT02865525
5,7.0,0.0,0.0,"All inclusion criteria are captured exactly with no omissions, hallucinations, or distortions. The exclusion criteria, although originally presented as a single sentence, contain three distinct conditions which are all correctly extracted as separate items. No extra or incorrect items are present. Formatting of the lists is appropriate.",,NCT02385474
5,6.0,0.0,0.0,"All inclusion and exclusion criteria from the raw text are present in the extracted lists with accurate content. No items are missing, added, or altered. Minor formatting differences (e.g., removal of escape character) do not affect meaning.",,NCT02068040
5,5.0,0.0,0.0,"The extracted inclusion and exclusion criteria exactly match the raw eligibility text with no omissions, hallucinations, logical distortions, or formatting issues.",,NCT00949715
5,6.0,0.0,0.0,"All inclusion and exclusion criteria from the raw text are present, correctly worded, and no extra or missing items are introduced. No hallucinations, omissions, or logical distortions are observed. Formatting is appropriate.",,NCT02494414
5,8.0,0.0,0.0,"The extracted inclusion and exclusion criteria exactly match the original text with no missing items, no added items, and no alterations. Formatting is correct and there are no logical distortions.",,NCT01295749
5,2.0,0.0,0.0,"The extracted inclusion and exclusion criteria exactly match the original text with no omissions, hallucinations, or logical distortions. Formatting is appropriate.",,NCT01673893
5,4.0,0.0,0.0,"The extracted inclusion and exclusion criteria exactly match the raw eligibility text with no omissions, hallucinations, distortions, or formatting errors.",,NCT06431204
5,3.0,0.0,0.0,"All inclusion and exclusion criteria from the raw text are present, correctly worded, and no extra or missing items are observed. Formatting is appropriate.",,NCT05715879
5,4.0,0.0,0.0,"The extracted inclusion and exclusion criteria exactly match the original text with no omissions, hallucinations, or logical distortions. Formatting as JSON arrays is appropriate.",,NCT03012256
5,7.0,0.0,0.0,"The extracted inclusion and exclusion criteria exactly match the original text with no omissions, hallucinations, distortions, or formatting problems.",,NCT00827957
5,0.0,0.0,0.0,"The raw eligibility text states that no inclusion or exclusion criteria are provided. The extracted lists are both empty, accurately reflecting the source. No omissions, hallucinations, or distortions are present.",,NCT00004574
5,12.0,0.0,0.0,"The extracted inclusion and exclusion criteria exactly match the raw eligibility text with no omissions, hallucinations, logical distortions, or formatting problems. All 12 criteria are correctly captured.",,NCT01723527
5,8.0,0.0,0.0,"All inclusion and exclusion criteria from the raw text are present in the extracted lists with accurate wording. No criteria are omitted, added, or altered, and the formatting (JSON array of strings) is appropriate. Therefore the extraction is perfect.",,NCT03259815
4,2.0,0.0,0.0,"The extracted inclusion criterion fully captures the original text. The extracted exclusion criterion contains all the same content but omits the closing parenthesis, which is a minor formatting issue. No information is omitted, added, or distorted.",,NCT03028168
4,23.0,4.0,0.0,"The extracted inclusion criteria perfectly match the original text. All exclusion criteria are present, but four items are duplicated (Age <20, pregnancy/breastfeeding, drug/alcohol abuse, inability to follow procedures), resulting in false positives. No criteria are missing or invented, so there are no omissions, distortions, or hallucinations. The minor issue of duplicate entries leads to a score of 4 (minor formatting issue).",,NCT03986892
4,12.0,0.0,0.0,"All inclusion and exclusion criteria are present and correctly captured. The only issue is minor formatting: the grouped items under ""Any individuals with"" and ""Any individuals currently taking"" are split into separate entries, which deviates slightly from the original grouping but does not affect content accuracy.",,NCT01594411
5,8.0,0.0,0.0,"All inclusion and exclusion criteria are accurately captured with no omissions, hallucinations, or distortions. Minor formatting differences (e.g., '>=' vs '≥') do not affect correctness.",,NCT05726799
2,19.0,0.0,0.0,"The extracted lists contain all items, but the HFpEF inclusion criterion is incorrectly rendered: the original ""Symptoms ± signs"" is changed to ""Symptoms > signs"", altering the meaning. Additionally, the HbA1c range uses '>' instead of '≥', which is a logical distortion. These distortions lower the quality despite no omissions or hallucinations.",Distortion,NCT03753087
4,11.0,0.0,0.0,"All criteria from the original text are present in the extracted lists. The only issue is a formatting error in the second inclusion criterion (""Age \"",\"">= 18 years""), which adds extraneous characters but does not change the meaning. No omissions, hallucinations, or logical distortions were found.",,NCT05633784
5,9.0,0.0,0.0,"All inclusion and exclusion criteria from the raw text are present, correctly worded, and no extra or missing items are observed. Formatting of the JSON arrays is appropriate, with no punctuation errors affecting meaning.",,NCT04108884
4,2.0,0.0,0.0,"The extracted inclusion criterion exactly matches the original text. The exclusion criteria are represented as ""N/A"", which faithfully reflects the source indicating no exclusions, though an empty list might be preferred. No omissions, hallucinations, or logical distortions are present.",,NCT03098589
5,3.0,0.0,0.0,"The extracted inclusion and exclusion criteria exactly match the original text with no omissions, hallucinations, distortions, or formatting problems.",,NCT02322359
5,12.0,0.0,0.0,"The extracted inclusion criteria contain all six unique items from the raw text (demographics, troponin order, consent, Myoglobin range, CK-MB range, NT-proBNP/BNP order) with no extra or missing elements. The extracted exclusion criteria also contain all six unique items from the raw text (healthy subjects, pregnancy/lactation, no cardiac marker test, blood sample timing, insufficient blood volume, non‑compliance) with no additions or omissions. No logical distortions or hallucinations are present, and the formatting of the lists is appropriate.",,NCT02191735
5,2.0,0.0,0.0,"The extracted inclusion and exclusion criteria exactly match the original eligibility text. No criteria are omitted, added, or altered, and the JSON formatting is correct.",,NCT03665168
5,2.0,0.0,0.0,"Both inclusion and exclusion criteria are extracted verbatim from the original text with no omissions, hallucinations, or logical distortions. Formatting is appropriate.",,NCT04334291
4,15.0,0.0,0.0,"All inclusion and exclusion criteria from the original text are captured with correct meaning. No criteria are missing or added, and there are no logical distortions. The only problems are minor formatting artifacts (escaped quotes and extra symbols like "">=) in some inclusion entries, which do not affect the content. Hence a score of 4 (minor formatting issue) is appropriate.",,NCT02831608
2,22.0,2.0,2.0,"All inclusion criteria are correctly captured. All 24 exclusion items are present, but two contain logical distortions: the QTc threshold is changed from ≥ to > and the participation interval is changed from ≤ 2 months to < 2 months. These distortions make the extracted statements inaccurate, counting as false positives and also as missing the correct statements (false negatives). No hallucinated items are found. Minor formatting quirks (extra quotation marks) are present but do not affect content.",Distortion,NCT03953989
5,8.0,0.0,0.0,"The extracted inclusion and exclusion criteria exactly match the original text with no omissions, hallucinations, distortions, or formatting errors.",,NCT04928326
4,9.0,0.0,0.0,All inclusion and exclusion criteria are present and accurate. The only issue is a minor formatting difference in the first inclusion criterion where '\textgreater=' is used instead of the original '≥' symbol.,,NCT06684236
5,9.0,0.0,0.0,"The extracted inclusion and exclusion lists contain all nine criteria from the raw text with identical wording and no additional or missing items. No hallucinations, omissions, logical distortions, or formatting problems are present.",,NCT04125992
5,33.0,0.0,0.0,"All inclusion and exclusion criteria from the raw text are present in the extracted lists with no missing items, no added items, and no alteration of meaning. Minor whitespace differences do not affect content fidelity.",,NCT00225264
5,7.0,0.0,0.0,"The extracted inclusion and exclusion criteria exactly match the original text with no omissions, hallucinations, or logical distortions. Formatting is appropriate for the required JSON structure.",,NCT03235063
5,19.0,0.0,0.0,"All inclusion and exclusion criteria from the raw text are present, correctly worded, and no extra or missing items were found. No logical distortions or formatting problems detected.",,NCT02448147
5,8.0,0.0,0.0,"The extracted inclusion and exclusion criteria exactly match the original text with no omissions, hallucinations, or logical distortions. All items are present and correctly worded.",,NCT06149104
5,6.0,0.0,0.0,"All inclusion and exclusion criteria are extracted completely and accurately with no omissions, hallucinations, or logical distortions. Formatting is appropriate.",,NCT03118752
5,11.0,0.0,0.0,"The extracted inclusion criterion fully captures the original text, preserving all details (asymptomatic very severe AS definition and surgery candidacy). The extracted exclusion list exactly matches each item from the source without omissions, hallucinations, or distortions. Minor formatting newline in inclusion is negligible.",,NCT01161732
5,2.0,0.0,0.0,"Both inclusion and exclusion criteria are extracted exactly as in the raw text with no omissions, hallucinations, distortions, or formatting problems.",,NCT02045498
5,10.0,0.0,0.0,All inclusion and exclusion criteria from the raw text are present in the extracted lists with exact wording and no additional or missing items. No formatting errors affect the content.,,NCT03669198
2,30.0,0.0,0.0,"All 8 inclusion items and all 22 exclusion items are present, but the extracted inclusion criteria omit the inequality symbols (≥, ≤) for mean gradient, Vmax, valve area and valve area index, changing the quantitative thresholds. This logical distortion reduces the score to 2. No items are missing or added; formatting line‑break artifacts are minor.",Distortion,NCT02628899
2,9.0,1.0,2.0,"The extraction includes all three inclusion items and all seven exclusion items, but the first inclusion criterion is incorrectly rendered: the required '≥' symbols for age and fasting glucose are missing, changing the meaning of the eligibility thresholds. This constitutes a logical distortion and also a formatting error (extraneous quotation marks). No criteria are omitted or hallucinated, and the exclusion list is faithful to the source.",Distortion,NCT00488033
5,10.0,0.0,0.0,"The extracted inclusion and exclusion criteria exactly match the raw eligibility text with no omissions, hallucinations, logical distortions, or formatting problems. All items are present and correctly worded.",,NCT00562952
4,15.0,0.0,0.0,"All inclusion and exclusion criteria from the raw text are present in the extracted lists. No criteria are missing, added, or altered in meaning. The only minor issue is the formatting of the inclusion criteria: the composite bullet with three sub‑criteria was split into three separate entries, resulting in redundant phrasing. This is a minor formatting deviation but does not affect the factual content.",,NCT03518021
2,19.0,0.0,0.0,"All 19 exclusion criteria from the source are present, and the 4 inclusion criteria are exact matches, so there are no omissions or hallucinations. However, several extracted items contain corrupted inequality symbols (e.g., LVEF "" 35 % instead of ≤ 35 %, HbA1c "" 6.5 instead of ≥ 6.5, WBC "" 11,000, platelet "" 75,000, serum creatinine "" 2.0 mg/dL). These symbol errors alter the logical meaning of the criteria, representing logical distortions rather than mere formatting glitches. Consequently the extraction is judged as a major logical distortion, yielding a score of 2.",Distortion,NCT01117506
5,5.0,0.0,0.0,"The extracted inclusion and exclusion criteria exactly match the original text with no missing items, no added items, and no alterations in meaning. Formatting is consistent with the source. Therefore, the extraction is perfect.",,NCT05954104
5,8.0,0.0,0.0,"The extracted inclusion and exclusion criteria exactly match the original text with no missing items, no added items, and no alterations. Formatting is appropriate.",,NCT03184233
2,6.0,1.0,0.0,"All criteria are present, but the fourth inclusion criterion is corrupted: the '≥' sign and the 'ß' in 'ß-blockers' are missing, and the text is split with stray commas, altering the meaning (≥ 3 months vs exactly 3 months) and drug name. This constitutes a logical distortion and formatting error. No criteria are omitted or hallucinated.",Distortion,NCT01625663
4,18.0,0.0,0.0,"All inclusion and exclusion criteria from the original text are present in the extracted lists with correct meaning. Minor formatting inconsistencies such as extra quotation marks and spacing are observed, but no items are omitted, added, or logically altered.",,NCT04350593
5,18.0,0.0,0.0,"All inclusion and exclusion criteria from the raw text are present in the extracted lists with no omissions, hallucinations, or logical distortions. Minor formatting differences (e.g., added closing parenthesis, punctuation) do not affect content fidelity.",,NCT00680706
5,14.0,0.0,0.0,"The extracted inclusion and exclusion criteria exactly match the original text with no missing items, no added items, and no logical distortions. Formatting is appropriate.",,NCT04526249
5,21.0,0.0,0.0,"All inclusion and exclusion criteria from the raw text are present in the extracted lists with no missing items, no added items, and no logical distortions. Formatting is appropriate.",,NCT00032487
2,32.0,1.0,0.0,"All criteria are present, but the extracted inclusion criterion for BMI incorrectly states "">= 32"" instead of the required ""<= 32"", representing a logical distortion. No items are omitted or hallucinated; formatting issues are minor.",Distortion,NCT02349893
2,12.0,0.0,0.0,"All criteria are present, but the extracted inclusion list has formatting errors and omits critical inequality symbols (≥ for age and ≤ for the furosemide dose). These omissions alter the meaning of the criteria, representing a logical distortion rather than a simple formatting issue.",Distortion,NCT02546583
5,21.0,0.0,0.0,"All inclusion and exclusion criteria from the raw text are present, correctly worded, and no extra or missing items were found. No logical distortions or hallucinations are observed. Formatting is appropriate for JSON extraction.",,NCT04512703
3,21.0,0.0,1.0,"The extracted inclusion and exclusion lists contain all explicit criteria from the raw text. However, the inclusion criteria include a required condition that criteria 1-3 must be present within a 24‑hour period at enrollment, which was omitted from the extraction. This is a minor omission; no hallucinated or distorted criteria were found.",Omission,NCT02097641
5,2.0,0.0,0.0,"The extracted inclusion and exclusion criteria exactly match the original text with no omissions, hallucinations, or distortions. Formatting is faithful; therefore a perfect score is warranted.",,NCT05871879
2,8.0,0.0,0.0,"All four inclusion and four exclusion criteria are present, so there are no omissions or hallucinations. However, the extracted inclusion criteria contain serious formatting and logical errors: the age criterion is split into ""Age \"""",""18 years old at time of SAH"" and lacks the required ≥ sign, and the hemoglobin criterion is split similarly and omits the ≤ sign. These distort the intended meaning of the eligibility rules, which is a logical distortion rather than a simple formatting glitch. Consequently the extraction receives a score of 2.",Distortion,NCT03309579
5,13.0,0.0,0.0,"All inclusion and exclusion criteria are extracted exactly as in the original text with no omissions, hallucinations, or logical distortions. Formatting of the JSON arrays is correct.",,NCT02976961
5,9.0,0.0,0.0,"The extracted inclusion and exclusion criteria exactly match the original text with no omissions, hallucinations, or distortions. All items are present and correctly worded.",,NCT05366673
2,8.0,2.0,3.0,"The extraction omitted the control group matching criteria (age, gender, height, weight) and failed to include the management statement. More critically, it misclassified two heart‑failure inclusion conditions as exclusions: 'No history of dangerous arrhythmia's' and 'Not pacemaker dependent' were extracted as exclusion criteria, which is a logical distortion. These two misclassifications are counted as false positives, and the corresponding correct inclusion criteria are false negatives. Overall the extraction has major omissions and a logical distortion, warranting a score of 2.",Distortion,NCT02421341
5,22.0,0.0,0.0,"All inclusion and exclusion criteria from the raw text are present in the extracted lists with exact wording and no extra items. No omissions, hallucinations, or logical distortions are observed. Formatting is appropriate.",,NCT02205541
5,12.0,0.0,0.0,"The extracted inclusion and exclusion criteria exactly match the original text with no omissions, hallucinations, distortions, or formatting issues.",,NCT04826159
4,14.0,0.0,0.0,"All 3 inclusion and 11 exclusion criteria are present, but three items suffer from formatting errors: the NIHSS ≥ 2 points criterion and the NIHSS ≥ 21 and blood pressure ≥ 180/110 mmHg criteria are split with stray quotes and the ≥ sign is missing. These are minor logical distortions caused by formatting, not omissions or hallucinations.",Distortion,NCT04275180
5,10.0,0.0,0.0,"All inclusion and exclusion criteria are extracted accurately with no omissions, hallucinations, or logical distortions. Formatting is appropriate for JSON arrays.",,NCT02265796
5,11.0,0.0,0.0,"All inclusion and exclusion criteria from the raw text are present in the extracted lists with no omissions, hallucinations, or distortions. Formatting is correct.",,NCT00990262
5,3.0,0.0,0.0,"The extracted inclusion and exclusion criteria exactly match the original text with no omissions, hallucinations, distortions, or formatting errors.",,NCT00498446
4,20.0,0.0,0.0,"All original inclusion (6) and exclusion (14) criteria are present in the extracted lists with correct content. No criteria are missing, added, or altered in meaning. Minor formatting issues such as missing spaces and concatenated sub‑points are observed, but they do not affect the fidelity of the extraction.",,NCT05102903
4,13.0,0.0,0.0,"All inclusion and exclusion criteria from the raw text are present in the extracted lists with correct content. The only issue is minor formatting: the extracted items are wrapped in quotation marks and contain escaped characters, which does not affect the meaning but is a slight deviation from the original presentation.",,NCT04144959
4,11.0,0.0,0.0,"All criteria are present; however, the second exclusion criterion contains stray escape sequences (""\b\b\b\b\u2264"") instead of the proper ""≤"" symbol, representing a minor formatting error. No omissions, hallucinations, or logical distortions were found.",,NCT05558696
2,9.0,1.0,1.0,"All 10 exclusion criteria are correctly extracted. Inclusion criteria are mostly accurate, but the first criterion changes the required duration from ""≥12 months"" to "">12 months"", which is a logical distortion of the original requirement. Additionally, the extracted list contains extra quotation marks and escaped characters, representing minor formatting issues. Because of the logical distortion, the extraction receives a score of 2. True positives = 9 (exact matches), false positives = 1 (distorted first inclusion criterion), false negatives = 1 (the exact original wording of the first inclusion criterion is missing).",Distortion,NCT03416270
5,6.0,0.0,0.0,"The extracted inclusion and exclusion criteria exactly match the original text with no omissions, hallucinations, distortions, or formatting errors.",,NCT02793180
5,5.0,0.0,0.0,"The extracted inclusion and exclusion criteria exactly match the original text with no omissions, hallucinations, logical distortions, or formatting errors.",,NCT02803879
5,29.0,0.0,0.0,"The extracted inclusion and exclusion criteria exactly match the original text. All items are present, none are missing, no extra (hallucinated) items are introduced, and the meaning of each criterion is preserved. Formatting is correct JSON arrays.",,NCT04722562
2,12.0,1.0,1.0,"The extracted inclusion criteria contain a logical distortion: the ejection fraction condition is rendered as ""(ejection fraction \ny 45%)"" missing the required ""≤"" sign, which changes the eligibility threshold. This also introduces a formatting issue (newline). Consequently, the correct raw criterion ""ejection fraction ≤ 45%"" is not accurately captured (FN) and the malformed version counts as a false positive (FP). All other inclusion items and all exclusion items are correctly extracted with no omissions or hallucinations.",Distortion,NCT01213862
5,8.0,0.0,0.0,"The extracted inclusion and exclusion lists contain all items from the original eligibility text with no omissions, hallucinations, or logical distortions. Formatting is appropriate for JSON arrays.",,NCT02444403
5,6.0,0.0,0.0,"All inclusion and exclusion criteria are present, accurate, and no extra or missing items. No logical distortions, hallucinations, or formatting errors detected.",,NCT04757142
5,7.0,0.0,0.0,"All inclusion and exclusion criteria from the raw text are present in the extracted lists with no missing items, no added items, and no distortion of meaning. Formatting differences are negligible and do not affect content fidelity.",,NCT05791669
4,21.0,0.0,0.0,"All inclusion and exclusion criteria from the raw text are present and correctly captured. No items are missing, added, or logically altered. The only issues are minor formatting artifacts (e.g., escaped Unicode sequences) in the extracted strings, which do not affect the semantic content.",,NCT02045459
2,32.0,1.0,0.0,"The extracted inclusion and exclusion criteria are largely complete and contain no hallucinated items. All exclusion criteria are accurately captured. In the inclusion list, the eGFR criterion is incorrectly rendered as "">=60"" instead of the required upper limit ""<=60"", representing a logical distortion of the numeric bound. This single distortion leads to a major logical error, lowering the overall score to 2. No items are omitted or added beyond the source text.",Distortion,NCT04595370
2,17.0,2.0,2.0,"All exclusion criteria are extracted correctly. Inclusion criteria are mostly correct, but two items are logically distorted: the AV conduction criterion uses 'PR interval ≥200 ms' instead of the required '≤200 ms', and the ejection fraction criterion uses '≥35%' instead of '≤35%'. These distortions count as false positives (incorrect statements) and false negatives (the correct statements are missing). No omissions or hallucinations were found.",Distortion,NCT04180696
5,8.0,0.0,0.0,"The extracted inclusion and exclusion lists exactly match the raw eligibility criteria with no missing items, no added items, and no alterations in meaning or wording. Formatting is consistent with the source text.",,NCT03401203
5,3.0,0.0,0.0,"The extracted inclusion and exclusion criteria exactly match the original text with no omissions, hallucinations, distortions, or formatting problems.",,NCT01515670
5,12.0,0.0,0.0,"All inclusion and exclusion criteria from the raw text are present, correctly phrased, and no extra or missing items are detected. Minor formatting differences (e.g., >= vs ≥, x vs ×) do not affect correctness.",,NCT03227770
2,4.0,1.0,1.0,"The exclusion criteria are extracted perfectly. In the inclusion criteria, the second item is correctly captured, but the first item is corrupted ('age "".18 years')—the ≥ sign is missing and extraneous characters are added, altering the meaning. This constitutes a logical distortion rather than a simple formatting typo. Consequently, there is one false positive (the malformed age criterion), one false negative (the correct age ≥18 years statement is absent), and the overall extraction quality falls to a major distortion level.",Distortion,NCT02764073
4,11.0,0.0,0.0,"All inclusion and exclusion criteria from the raw text are present in the extracted lists. The only issues are minor formatting inconsistencies, such as the escaped "">="" symbol for the age criterion and slight singular/plural wording differences, but no content is omitted, distorted, or hallucinated.",,NCT05236673
4,4.0,0.0,0.0,"All four inclusion criteria and three exclusion criteria are present and accurate. The only issue is a minor formatting difference (a trailing period in the last inclusion item). No omissions, hallucinations, or logical distortions were found.",,NCT02349997
5,14.0,0.0,0.0,"All inclusion and exclusion criteria from the raw text are present, correctly worded, and no extra or missing items were introduced. No logical distortions or formatting problems detected.",,NCT03457623
5,12.0,0.0,0.0,"The extracted inclusion and exclusion criteria exactly match the raw eligibility text. All items are present, correctly worded, and no extra or missing criteria are observed. No logical distortions, hallucinations, or formatting problems are detected.",,NCT00687687
5,11.0,0.0,0.0,"All inclusion and exclusion criteria from the raw text are present in the extracted lists with no missing items, no added (hallucinated) items, and no logical distortions. Minor formatting variations (extra leading phrases) do not constitute errors.",,NCT01160536
2,3.0,4.0,2.0,"The extraction captured the first three inclusion criteria correctly (chest pain, normal troponins, non‑diagnostic ECG). However, the age criterion and the cardiovascular risk factor/Duke score criterion were broken into fragmented strings (""Age \"""", ""\""50 years"", ""\"", \"" 1 cardiovascular risk factor ..."", ""\""20%""), resulting in four false‑positive items and two missing true criteria. Exclusion criteria were extracted perfectly. The major omission of two essential inclusion items and the formatting distortion lead to a score of 2.",Omission,NCT02014311
5,5.0,0.0,0.0,"All inclusion and exclusion criteria are extracted exactly as in the original text with no omissions, hallucinations, distortions, or formatting problems.",,NCT00291564
4,35.0,0.0,0.0,"All inclusion and exclusion criteria from the raw text are present in the extracted lists. No criteria are missing (no false negatives) and no extra criteria are introduced (no false positives). The only issue is a minor formatting distortion in the inclusion list where the symptom 'Early satiety and/or decreased appetite' is merged with the connective phrase 'And at least one of the following signs', but this does not affect the substantive content. Therefore the extraction is essentially correct with a minor formatting issue.",,NCT02476409
4,15.0,0.0,0.0,"The extracted inclusion and exclusion criteria capture all content from the raw eligibility text with no missing or invented items. Minor formatting problems such as stray quotation marks, missing spaces (e.g., ""HFwill""), and inconsistent use of symbols are present, but they do not alter the meaning. Therefore the extraction is essentially correct with only formatting imperfections.",,NCT05297409
5,9.0,0.0,0.0,"All inclusion and exclusion criteria from the raw text are present in the extracted lists with exact wording. No items are missing, added, or altered. Formatting is appropriate.",,NCT00557999
5,9.0,0.0,0.0,"All inclusion and exclusion criteria are extracted verbatim with no omissions, hallucinations, or logical distortions. Formatting is appropriate.",,NCT04502563
5,14.0,0.0,0.0,"All inclusion and exclusion criteria are extracted exactly as in the original text with no omissions, hallucinations, or logical distortions. Formatting is faithful.",,NCT03204864
5,8.0,0.0,0.0,"All inclusion and exclusion criteria are present and accurately reflect the original text. No omissions, hallucinations, or logical distortions are observed. Formatting matches the source (minor punctuation differences are consistent with the original).",,NCT02120014
4,27.0,0.0,0.0,"All inclusion and exclusion criteria from the original text are captured with no omissions, hallucinations, or logical distortions. The only issues are minor typographical/formatting inconsistencies (e.g., missing space in 'torandomization'), which warrant a score of 4.",,NCT03833336
2,11.0,0.0,1.0,"All criteria are present except the LVEF thresholds are incorrectly rendered (""\b 50%"" and ""\b 40%"" instead of the required ""≥ 50%"" and ""≤ 40%""), which constitutes a logical distortion. No extra (hallucinated) criteria were added and formatting is otherwise acceptable.",Distortion,NCT06335264
5,3.0,0.0,0.0,"The extracted inclusion criteria faithfully capture all three original inclusion points, including the complete sensor list, and the exclusion criteria correctly reflect that none were defined. No omissions, hallucinations, or distortions are present; only minor formatting consolidation.",,NCT05587764
5,23.0,0.0,0.0,"The extracted inclusion and exclusion criteria exactly match the raw eligibility text. No items are missing, added, or altered in meaning. Formatting is appropriate, resulting in a perfect extraction.",,NCT01074307
5,10.0,0.0,0.0,"The extracted inclusion and exclusion criteria faithfully reproduce all items from the original text with no omissions, hallucinations, or logical distortions. Formatting is appropriate, resulting in a perfect extraction.",,NCT00129363
5,4.0,0.0,0.0,"The extracted inclusion and exclusion lists exactly match the raw eligibility criteria with no missing items, no added items, and no alterations. Formatting is consistent with the source.",,NCT04871867
5,9.0,0.0,0.0,"All inclusion and exclusion criteria from the raw text are present, correctly worded, and no extra or missing items were identified. No hallucinations, omissions, or logical distortions are observed.",,NCT03849911
5,7.0,0.0,0.0,"All inclusion and exclusion criteria from the raw text are present, correctly worded, and no extra items were added. No omissions, hallucinations, or logical distortions detected.",,NCT03942744
5,2.0,0.0,0.0,"The extracted inclusion criteria exactly match the two original bullet points, and no exclusion criteria exist in the source. There are no omissions, hallucinations, or logical distortions, and the formatting conforms to the expected JSON array structure.",,NCT00076934
5,10.0,0.0,0.0,"The extracted inclusion and exclusion criteria capture all elements of the original text without adding any non‑existent items or omitting any. Acute and old myocardial infarction definitions, diagnostic requirements, and control group conditions are fully represented. All six exclusion items are present and correctly phrased. No hallucinations, distortions, or formatting errors affect the content.",,NCT04950699
5,9.0,0.0,0.0,"All inclusion and exclusion criteria from the raw text are present, correctly worded, and no extra or missing items were introduced. No hallucinations, omissions, or logical distortions detected.",,NCT00875732
5,27.0,0.0,0.0,"All 10 inclusion criteria and all 17 exclusion criteria from the original text are present in the extracted lists. No extra (hallucinated) criteria were added, and the meaning of each criterion is preserved. Minor explanatory notes (e.g., example of lesion distribution, contraception details, and the statement about all target lesions meeting criteria) are omitted, but these are supplemental clarifications rather than separate eligibility items, so they do not constitute missing criteria.",,NCT03218787
5,10.0,0.0,0.0,"All inclusion and exclusion criteria from the raw text are present in the extracted lists with accurate wording and no added or missing items. No logical distortions or hallucinations are observed. Minor Unicode formatting differences (e.g., ≥, ～) do not affect content correctness.",,NCT02470221
4,29.0,0.0,0.0,"All inclusion (7) and exclusion (22) criteria from the raw text are present in the extracted lists with correct meaning. No items are missing or added. The only deviation is a minor formatting artifact in the last exclusion criterion (an extra quotation mark and escaped character around "">= 2.0 mg/dL""), which does not alter the clinical meaning. Therefore the extraction is essentially perfect with a minor formatting issue.",,NCT00684021
5,8.0,0.0,0.0,"All inclusion and exclusion criteria are present, correctly worded, and no extra or missing items are observed. No hallucinations, distortions, or formatting problems detected.",,NCT04198571
5,17.0,0.0,0.0,"All inclusion and exclusion criteria from the raw text are present, correctly worded, and no extra or missing items were found. No logical distortions or formatting errors are observed.",,NCT04201119
2,0.0,0.0,15.0,"The extracted inclusion and exclusion lists are empty, failing to capture any of the 5 inclusion criteria and 10 exclusion criteria present in the original text. This represents a major omission of all required items, with no false positives or true positives.",Omission,NCT01236807
5,7.0,0.0,0.0,"The extracted inclusion and exclusion criteria exactly match the original text with no omissions, hallucinations, or logical distortions. All items are present and correctly phrased.",,NCT04802109
5,14.0,0.0,0.0,"All inclusion and exclusion criteria from the raw text are present in the extracted lists with no missing items, no added items, and no semantic changes. Minor formatting differences (e.g., spacing) do not affect content fidelity.",,NCT00938964
5,6.0,0.0,0.0,"All six criteria (three inclusion and three exclusion) are present and accurately captured. No omissions, hallucinations, or logical distortions are observed. Formatting is appropriate.",,NCT05484544
5,4.0,0.0,0.0,"All inclusion and exclusion criteria from the raw text are present, correctly worded, and no extra or missing items were introduced. No formatting or logical issues detected.",,NCT00763698
4,12.0,0.0,0.0,"All inclusion and exclusion criteria from the raw text are present with correct meaning. The only issues are minor formatting artifacts in two exclusion items where the greater‑than‑or‑equal sign is represented as '\r\u2265' instead of the proper '≥' character. No omissions, hallucinations, or logical distortions are observed.",,NCT01354808
5,1.0,0.0,0.0,"The extracted inclusion criterion exactly matches the original text with no omissions, hallucinations, or distortions. No exclusion criteria were present in the source, and none were incorrectly added. Formatting is appropriate.",,NCT00935740
5,6.0,0.0,0.0,"The extracted inclusion and exclusion lists exactly match the original criteria items, with only trivial punctuation differences that do not affect meaning. No items are missing, added, or altered.",,NCT06423625
5,4.0,0.0,0.0,"The extracted inclusion and exclusion criteria exactly match the original text with no omissions, hallucinations, or logical distortions. Formatting is appropriate for JSON representation.",,NCT02892448
4,6.0,0.0,0.0,"All inclusion and exclusion concepts from the original text are present in the extracted lists. The exclusion criteria were split into separate items rather than a single bullet, which is a minor formatting deviation but does not affect content fidelity.",,NCT04074876
5,8.0,0.0,0.0,"The extracted inclusion and exclusion criteria exactly match the original text with no omissions, hallucinations, or logical distortions. Formatting is appropriate and no extra items are present.",,NCT00456950
5,7.0,0.0,0.0,"The extracted inclusion and exclusion criteria exactly match the raw eligibility criteria with no omissions, hallucinations, distortions, or formatting problems.",,NCT02155491
5,4.0,0.0,0.0,"The extracted inclusion and exclusion criteria exactly match the original text with no omissions, hallucinations, or distortions. All items are correctly identified and formatted.",,NCT00204217
4,11.0,0.0,0.0,"The extracted criteria capture all elements of the original inclusion and exclusion lists. Each diagnosis, the mortality risk statement, age requirement, and recruitment location are present. No extra (hallucinated) criteria are introduced. The only issue is a minor typographical error ('cirransis' instead of 'cirrhosis'), which is a formatting imperfection but does not affect the semantic content. Hence a score of 4 with no omissions, distortions, or hallucinations.",,NCT00122135
2,22.0,4.0,1.0,"The exclusion criteria are extracted faithfully with no missing items or hallucinations. The inclusion criteria contain a major logical distortion: the clause ""At least two of the following risk factors for impaired glucose tolerance"" is broken into separate entries for each risk factor, and the requirement of having at least two of them is omitted. This results in four false‑positive items (each risk factor listed separately) and one false‑negative item (the missing ""at least two"" condition). Consequently the extraction is not merely a formatting issue but a substantive distortion, warranting a score of 2.",Distortion,NCT00301392
2,30.0,0.0,0.0,"All raw criteria are present in the extracted lists, but two eligibility points that belong to the inclusion section (the restriction on other antidiabetic medications within 30 days and the exclusion of subjects on premixed basal‑prandial insulin) were moved to the exclusion list. This miscategorization changes the logical meaning of the criteria, representing a logical distortion rather than a simple formatting issue.",Distortion,NCT02229227
4,17.0,0.0,0.0,"All inclusion and exclusion criteria from the original text are present in the extracted lists with correct meaning. No criteria are omitted, added, or distorted. The only issues are minor formatting inconsistencies (e.g., escaped quotes and an extra period), which warrant a score of 4.",,NCT01698242
4,10.0,0.0,0.0,"All inclusion and exclusion criteria from the raw text are present. The only issue is a minor formatting error in the second inclusion criterion (extra escaped quote and backslash). No omissions, hallucinations, or logical distortions were found.",,NCT04787380
5,8.0,0.0,0.0,"All inclusion and exclusion criteria from the raw text are present, correctly worded, and no additional or missing items are observed. No logical distortions, hallucinations, or formatting problems are detected.",,NCT02597699
4,7.0,0.0,0.0,"All inclusion and exclusion criteria from the raw text are present and correctly captured. The only issues are minor formatting artifacts (e.g., '\b\u2264' instead of '≤') which do not alter the meaning.",,NCT02466100
5,13.0,0.0,0.0,"The extracted inclusion and exclusion lists contain exactly all items from the raw eligibility criteria with no missing, extra, or altered items. No formatting or logical issues are present.",,NCT01108692
4,19.0,0.0,0.0,"All 4 inclusion and 15 exclusion criteria are present, so there are no omissions or hallucinations. However, several items contain formatting distortions: the fourth inclusion criterion lacks the '<' sign and includes stray '\b' characters; exclusion criteria 5 and 6 miss the '≤' and '<' symbols and contain stray '\b' characters; criterion 12 omits the conjunction 'and'. These are minor formatting issues rather than logical errors, resulting in a score of 4.",Distortion,NCT05009667
4,26.0,0.0,0.0,"All inclusion and exclusion criteria are present. The inclusion list contains a minor formatting issue (line break and missing β symbol in the ACE inhibitor/ARB, β‑blocker item), but no criteria are omitted or added, and the meaning is essentially preserved.",,NCT01554592
5,19.0,0.0,0.0,"The extracted inclusion and exclusion criteria exactly match the raw eligibility criteria with no omissions, hallucinations, logical distortions, or formatting problems.",,NCT04369534
5,15.0,0.0,0.0,"The extracted inclusion and exclusion criteria exactly match the raw eligibility text with no missing, extra, or altered items. Formatting is consistent with the source.",,NCT00287209
2,7.0,2.0,2.0,"The exclusion criteria are extracted perfectly (5 true positives, no false positives or false negatives). However, the inclusion criteria contain major problems: two of the four original items are missing (initial presentation criterion and a correct GCS criterion), one item is garbled with nonsensical backspace characters (distortion of the GCS ≤ criterion), and an entirely unrelated criterion about a humerus fracture is added (hallucination). These constitute major omissions and a hallucination, lowering the overall score to 2.",Hallucination,NCT02738099
5,12.0,0.0,0.0,"All inclusion and exclusion criteria from the raw text, including amendments, are present and correctly captured. No omissions, hallucinations, distortions, or formatting problems detected.",,NCT01135381
4,15.0,0.0,0.0,All inclusion and exclusion criteria are present and accurate. The only issues are minor typographical errors ('greater that' instead of 'greater than') which constitute a formatting imperfection but do not affect content correctness.,,NCT00643981
5,5.0,0.0,0.0,"The extracted inclusion and exclusion criteria exactly match the raw eligibility text with no omissions, hallucinations, distortions, or formatting problems.",,NCT01495481
5,39.0,0.0,0.0,"The extracted inclusion and exclusion criteria capture every item from the raw eligibility text with accurate wording and no added or missing criteria. No hallucinations, logical distortions, or formatting errors are present.",,NCT01143519
5,10.0,0.0,0.0,"All inclusion and exclusion criteria from the raw text are present in the extracted lists with identical meaning and wording. No criteria are missing, added, or altered. Formatting of the JSON arrays is correct, so the extraction is perfect.",,NCT00744757
4,4.0,1.0,1.0,"All inclusion criteria are correctly extracted. Four of five exclusion criteria match exactly. The BMI≥30 criterion is corrupted as ""BMI\nHUMAN:\u226530"", which is a formatting distortion and thus not a correct extraction. This results in one false positive (the malformed entry) and one false negative (the missing correct BMI≥30 entry).",Distortion,NCT03746119
5,16.0,0.0,0.0,"All inclusion and exclusion criteria are extracted exactly as in the raw text with no omissions, hallucinations, distortions, or formatting problems.",,NCT01107834
2,13.0,1.0,1.0,"The extracted inclusion criteria contain a logical distortion: LVEF is listed as "">= 50%"" whereas the original requires ""<= 50%"". This incorrect direction means the correct criterion is missing (FN) and an inaccurate one is added (FP). All other criteria are present and accurate, with only minor formatting quirks (extra quotation marks). Exclusion criteria are fully correct.",Distortion,NCT05313438
5,20.0,0.0,0.0,"All inclusion and exclusion criteria from the raw text are present in the extracted lists with no missing items, no added items, and no alteration of meaning. Minor formatting differences such as Unicode escapes do not affect content fidelity.",,NCT01569178
5,9.0,0.0,0.0,"All inclusion and exclusion criteria were extracted completely and accurately with no missing items, no added items, and no logical distortions. Formatting is acceptable.",,NCT06647667
2,12.0,0.0,0.0,"All inclusion criteria are correctly extracted. All 12 exclusion criteria are present, but two contain errors: the platelet count unit is encoded as '/λl' instead of the correct '/μl', and 'contraindiction' is misspelled, deviating from the original 'contraindication'. These logical distortions lower the overall score.",Distortion,NCT01543932
5,24.0,0.0,0.0,"All inclusion and exclusion criteria from the raw text are present in the extracted lists with identical meaning. No criteria are missing, added, or altered. The only difference is the removal of extraneous protocol footer text in item 7, which does not affect the criterion itself. Therefore the extraction is perfect.",,NCT06167707
5,2.0,0.0,0.0,"The extracted inclusion and exclusion criteria exactly match the original text with no omissions, hallucinations, or logical distortions. Formatting is correct and complete.",,NCT02303236
4,25.0,0.0,0.0,"All inclusion and exclusion criteria are present and accurate. The extraction repeats the phrase ""Presence of >=1 of the following high-risk criteria"" for each item and uses non‑standard symbols ("">""=) for inequality, which is a minor formatting issue but does not affect content correctness.",,NCT05416944
5,12.0,0.0,0.0,"The extracted inclusion and exclusion criteria exactly match the raw eligibility criteria with no omissions, hallucinations, distortions, or formatting errors.",,NCT02340364
5,12.0,0.0,0.0,"All inclusion and exclusion criteria from the original text are present in the extracted lists with no missing items, no added items, and no alteration of meaning. Minor formatting differences (e.g., Unicode representation of ≥) do not affect content fidelity.",,NCT05649787
2,9.0,0.0,0.0,"All inclusion criteria are extracted correctly. All nine exclusion criteria are present, but three of them lack the critical inequality symbols (≥ or ≤), changing their meaning (e.g., 'ASA score 3' instead of 'ASA score ≥3'). These are logical distortions rather than omissions or hallucinations, leading to a major distortion rating.",Distortion,NCT05124093
4,8.0,0.0,0.0,"All inclusion and exclusion criteria from the raw text are present in the extracted lists. The only discrepancy is a minor formatting difference in the adult age criterion ("">="" rendered as "">/=""). No omissions, hallucinations, or logical distortions were found.",,NCT01579006
5,7.0,0.0,0.0,"All inclusion and exclusion criteria from the raw text are present, correctly worded, and no extra or missing items were found. No hallucinations, omissions, or distortions detected.",,NCT01074658
5,3.0,0.0,0.0,"The extracted inclusion and exclusion criteria exactly match the raw eligibility text with no omissions, hallucinations, distortions, or formatting errors.",,NCT00007228
2,10.0,0.0,4.0,"All original criteria are listed, but four items (ACS timing, PTSD/PTSD thresholds, heart failure EF threshold, and hypertension BP threshold) are missing the required '≥' or '≤' symbols, altering the logical meaning. These are logical distortions rather than omissions or hallucinations. No extra criteria were added.",Distortion,NCT05607992
4,9.0,0.0,0.0,"All original inclusion and exclusion criteria are present; however the extracted inclusion strings for WET ≥ 12, Systolic blood pressure ≤ 110 mmHg, and Serum sodium ≤ 135 mEq/L contain extraneous escape characters and misplaced quotes, indicating minor formatting errors. No items are missing, added, or semantically altered.",,NCT03592836
2,17.0,0.0,2.0,"The inclusion criteria are fully captured; only minor formatting artifacts (escaped characters) are present. In the exclusion criteria, all 12 items are listed, but two items (the systolic BP thresholds and the contraindication to withholding CCB/β‑blocker) are corrupted with broken quotes and missing symbols, resulting in logical distortion of the original meaning. These distortions constitute major errors, lowering the overall score to 2.",Distortion,NCT04434664
2,5.0,1.0,1.0,"The extraction contains a logical distortion in the first inclusion criterion: the original states ""≥18 years"" but the extracted text says "">18 years"", changing the eligibility threshold. This also introduces a formatting issue with escaped quotes. All other criteria are correctly captured. Consequently, there is one false positive (the distorted criterion) and one false negative (the correct ≥18 years criterion), yielding 5 true positives, 1 false positive, and 1 false negative. The primary problem is a logical distortion.",Distortion,NCT04214899
2,8.0,2.0,4.0,"The extracted inclusion list omits two critical criteria (maximal tolerated HF medication dosing and BP control for HFpEF) and fails to capture the upper bound of the SPPB score, providing a garbled string instead. The age and NYHA entries are present but formatted oddly. The exclusion list merges two separate criteria (dementia and MiniCog test) into one entry, resulting in a missing distinct MiniCog criterion. Overall there are major omissions and logical distortions.",Omission,NCT02911493
5,7.0,0.0,0.0,"The extracted inclusion and exclusion criteria exactly match the raw eligibility criteria with no omissions, hallucinations, logical distortions, or formatting errors.",,NCT03473158
4,9.0,0.0,0.0,"All inclusion and exclusion criteria from the raw text are present in the extracted lists with correct content. The extracted items repeat the introductory phrase for each inclusion diagnosis and include extra quotation marks, which is a minor formatting issue but does not affect the factual accuracy. No criteria are omitted, added, or distorted.",,NCT05781334
5,11.0,0.0,0.0,"The extracted inclusion and exclusion criteria exactly match the original text with no omissions, hallucinations, logical distortions, or formatting errors.",,NCT00964938
5,20.0,0.0,0.0,"The extracted inclusion and exclusion lists contain all items from the original criteria with exact wording and no extra or missing entries. No omissions, hallucinations, or logical distortions are present.",,NCT01969149
5,10.0,0.0,0.0,"The extracted inclusion and exclusion criteria exactly match the original text with no omissions, hallucinations, or logical distortions. All items are present and correctly phrased; formatting is appropriate for JSON arrays.",,NCT04222764
5,2.0,0.0,0.0,"The extracted inclusion and exclusion criteria exactly match the original text with no omissions, hallucinations, or distortions. Formatting is correct.",,NCT01636271
5,5.0,0.0,0.0,"The extracted inclusion and exclusion criteria exactly match the original text with no omissions, hallucinations, logical distortions, or formatting problems.",,NCT03655925
5,5.0,0.0,0.0,"The extracted inclusion and exclusion criteria exactly match the original text with no missing items, no added items, and no alterations. Formatting is appropriate and faithful to the source.",,NCT04153890
4,6.0,0.0,0.0,"All inclusion and exclusion items from the raw criteria are present in the extracted lists. The only issue is minor formatting inconsistency (lowercase 'acute' in one item). No omissions, hallucinations, or logical distortions detected.",,NCT01407146
5,7.0,0.0,0.0,"The extracted inclusion and exclusion criteria exactly match the original text with no omissions, hallucinations, or distortions. Formatting is appropriate.",,NCT02396979
5,8.0,0.0,0.0,"All extracted inclusion and exclusion criteria exactly match the original text with no omissions, additions, or distortions. Formatting is consistent and accurate.",,NCT02492243
5,6.0,0.0,0.0,"The extracted inclusion and exclusion criteria exactly match the raw eligibility text with no omissions, hallucinations, or logical distortions. Formatting is faithful to the source.",,NCT04323020
2,5.0,0.0,0.0,"All six inclusion criteria are present, but the LVEF upper limit is incorrectly extracted as ""> 40%"" instead of ""≤ 40%"", which is a logical distortion. Additionally, several items contain unnecessary escaped quotes and formatting artifacts (e.g., ""\"">= 18 and < 85 years old\""""). No criteria are omitted or hallucinated.",Distortion,NCT01965015
5,9.0,0.0,0.0,"The extracted inclusion and exclusion criteria exactly match the raw eligibility criteria with no omissions, hallucinations, or distortions. All items are present and correctly worded.",,NCT05561608
4,2.0,0.0,0.0,"The extracted criteria capture all content from the raw text accurately. The inclusion criterion has an extra stray quotation mark before "">=18, which is a minor formatting issue. No omissions, hallucinations, or logical distortions are present.",,NCT04953338
5,10.0,0.0,0.0,"All inclusion and exclusion criteria from the original text are present, correctly worded, and no extra or missing items are found. The only minor difference is the escaped '>' character, which does not affect the semantic content.",,NCT06462885
2,0.0,0.0,18.0,"The extracted inclusion and exclusion criteria are empty lists, whereas the source text contains 14 inclusion items (signed consent, 5 congestion criteria for Group 1, 5 stability criteria for Group 2, and 3 advanced CHF criteria for Group 3) and 4 exclusion items. All required criteria are missing, resulting in a major omission.",Omission,NCT02394470
2,5.0,0.0,4.0,"The extracted criteria capture only Cohort 1 inclusion and exclusion items. All Cohort 2 inclusion criteria (three items) and the Cohort 2 specific exclusion criterion (known history of arrhythmogenic or rhythm disorder) are missing. No extra (hallucinated) criteria are present, and the formatting of the extracted lists is correct. The primary issue is omission of multiple required criteria.",Omission,NCT00891241
2,11.0,0.0,0.0,"All eligibility items are present, but the term ""Reynaud's disease"" is misspelled as ""Reynaud's disease"", representing a logical distortion of the original text. No items are omitted or hallucinated, and formatting is correct.",Distortion,NCT06118489
5,9.0,0.0,0.0,"All inclusion and exclusion criteria are extracted exactly as in the original text with no omissions, hallucinations, or distortions. Formatting differences (e.g., '<' vs '\<') are minor and do not affect meaning.",,NCT00999583
4,10.0,0.0,0.0,"All inclusion and exclusion criteria are present and no extra items are introduced. One exclusion item contains a minor typographical error ('intintubation' instead of 'intubation'), which is a slight distortion but does not affect the meaning. Hence a minor formatting/distortion issue leads to a score of 4.",Distortion,NCT03743831
5,4.0,0.0,0.0,"The extracted inclusion and exclusion criteria exactly match the original text with no omissions, hallucinations, distortions, or formatting problems.",,NCT00363324
5,4.0,0.0,0.0,"The extracted inclusion and exclusion criteria exactly match the original text with no omissions, hallucinations, distortions, or formatting problems.",,NCT03400553
5,6.0,0.0,0.0,"The extracted inclusion and exclusion criteria exactly match the original text with no omissions, hallucinations, or logical distortions. All items are present and correctly phrased.",,NCT02697760
5,3.0,0.0,0.0,"The extracted inclusion and exclusion criteria exactly match the original text with no omissions, hallucinations, or logical distortions. Formatting is correct.",,NCT00382525
5,4.0,0.0,0.0,"All concepts from the original eligibility text (men, women, acute MI, unstable angina) are present in the extracted inclusion list, with no extra or missing items. No logical distortion or hallucination is observed.",,NCT00000550
5,6.0,0.0,0.0,"All inclusion and exclusion criteria from the raw text are present, correctly worded, and no extra or missing items are observed. No logical distortions or formatting errors are detected.",,NCT00734760
5,7.0,0.0,0.0,"The extracted inclusion and exclusion lists exactly match the original criteria with no omissions, hallucinations, distortions, or formatting problems.",,NCT01999712
5,7.0,0.0,0.0,"All inclusion and exclusion criteria from the raw text are present in the extracted lists with no missing items, no added items, and no semantic changes. Formatting is appropriate.",,NCT02987322
5,2.0,0.0,0.0,"The extracted inclusion criteria exactly match the two items listed in the original text, and the exclusion criteria correctly reflect that none were provided. No omissions, hallucinations, or distortions are present.",,NCT02353663
5,5.0,0.0,0.0,"All inclusion and exclusion criteria are extracted accurately with no omissions, hallucinations, or distortions. Formatting matches the original content.",,NCT03996616
5,7.0,0.0,0.0,"All inclusion and exclusion criteria from the raw text are present, correctly worded, and no extra or missing items were introduced. No hallucinations, omissions, or logical distortions are observed.",,NCT03058120
5,3.0,0.0,0.0,"The extracted inclusion and exclusion criteria exactly match the original text with no omissions, hallucinations, distortions, or formatting problems.",,NCT00752713
2,15.0,0.0,7.0,"The extracted lists contain all the required items, but many inclusion and exclusion criteria have the inequality signs reversed (e.g., ""≥ 12 months"" rendered as ""> 12 months"", ""≤ 35%"" rendered as ""> 35%"", ""≤ 135 mEq/L"" rendered as ""> 135 mEq/L"", etc.). These logical distortions change the meaning of the criteria, constituting a major logical distortion rather than a simple formatting issue. No hallucinated criteria were added, and no entire criteria were omitted, but the incorrect sign changes render those items effectively false negatives. Consequently, the extraction receives a score of 2 for major logical distortion.",Distortion,NCT01369407
5,21.0,0.0,0.0,"All inclusion and exclusion criteria from the raw text are present in the extracted lists with no missing items, no added items, and no alteration of meaning. Minor punctuation differences do not affect content. Therefore the extraction is perfect.",,NCT06884111
4,4.0,0.0,0.0,"All original inclusion and exclusion criteria are present with no added or altered content. The only issue is minor formatting: sub‑criteria were split into separate list items, which is acceptable but not perfect.",,NCT00647504
4,10.0,0.0,0.0,"All inclusion and exclusion criteria from the original text are present and accurate; there are no omissions, hallucinations, or logical distortions. The only issue is a minor formatting problem where the complex inclusion criterion (the 30‑day immunosuppressive/Remicade rule) is presented as a single long string rather than separate sub‑bullet items. This does not affect content fidelity.",,NCT00705484
5,18.0,0.0,0.0,"The extracted inclusion and exclusion criteria exactly match the raw eligibility text with no omissions, hallucinations, logical distortions, or formatting problems.",,NCT04975633
4,31.0,0.0,0.0,"All 7 inclusion and 24 exclusion criteria from the raw text are present in the extracted lists with accurate content. No items are missing, added, or meaningfully altered. Minor formatting inconsistencies such as escaped quotation marks and Unicode representation are observed, but they do not affect the fidelity of the extraction.",,NCT03560167
5,24.0,0.0,0.0,All 6 inclusion criteria and all 18 exclusion criteria from the raw eligibility text are present in the extracted lists with faithful wording and no added or missing items. No logical distortions or hallucinations are observed; formatting differences are negligible and do not affect content.,,NCT02657967
5,20.0,0.0,0.0,"All inclusion and exclusion criteria from the raw text are present, correctly worded, and no extra or missing items were identified. No logical distortions or formatting problems were observed.",,NCT01606085
2,8.0,0.0,1.0,"All inclusion criteria are extracted perfectly. All exclusion criteria are present except the hypoglycemia item, which is missing the ""≤"" sign and contains an unintended newline, altering the original threshold (""blood glucose ≤ 65 mg/dL""). This logical distortion constitutes a major error.",Distortion,NCT05062785
5,19.0,0.0,0.0,"The extracted inclusion and exclusion lists contain all items from the raw eligibility criteria with no missing or extra entries and no logical distortions. Minor formatting differences (e.g., escaped characters, use of >=) do not affect content fidelity.",,NCT04030234
2,4.0,1.0,1.0,"The extracted inclusion criteria contain a logical distortion: the original requirement of a total MOS SAS score ≤15 is rendered as ""total score of \""15"" missing the inequality sign, altering the meaning. Additionally, there is a formatting artifact (escaped quote) in the same string. All other criteria are present and accurate; no hallucinated items were added. Therefore, one false positive (distorted inclusion item) and one false negative (the correct version of that item) are counted, with the remaining items correctly extracted.",Distortion,NCT02938052
5,8.0,0.0,0.0,"The extracted inclusion and exclusion lists exactly match the original eligibility criteria with no omissions, hallucinations, or distortions. All items are present and correctly worded.",,NCT00182338
5,12.0,0.0,0.0,"All inclusion and exclusion criteria from the raw text are present, correctly worded, and no additional or altered items are introduced. No omissions, hallucinations, or logical distortions are detected.",,NCT00841438
4,36.0,0.0,0.0,"All 6 inclusion and 30 exclusion criteria from the original text are present and semantically accurate. The extracted strings contain minor formatting inconsistencies (extra quotation marks and spacing) but no omissions, hallucinations, or logical distortions.",,NCT03030235
4,1.0,0.0,0.0,"The extracted criteria capture all content from the original text. Inclusion criterion uses '>=' instead of the original '≥' symbol, which is a minor formatting discrepancy but does not alter meaning. No omissions, hallucinations, or logical distortions are present.",,NCT04896736
5,10.0,0.0,0.0,"The extracted inclusion and exclusion criteria exactly match the original eligibility text. All items are present, no extra (hallucinated) items, and no logical distortions or omissions. Minor punctuation differences are absent; formatting is appropriate for JSON arrays.",,NCT03363035
2,15.0,0.0,0.0,"All original inclusion and exclusion items are present, but four inclusion criteria have incorrect inequality directions (ECOG ≤2 recorded as ≥2; total bilirubin ≤1.5 mg/dL recorded as ≥1.5; AST/ALT ≤2.5×ULN recorded as ≥2.5×ULN; creatinine ≤2 mg/dL recorded as ≥2 mg/dL). These logical distortions constitute a major error despite no omissions or hallucinations. Exclusion criteria are faithfully extracted.",Distortion,NCT00509665
4,33.0,0.0,0.0,"All inclusion and exclusion criteria from the raw text are present in the extracted lists. The only discrepancies are minor formatting artifacts (e.g., escaped Unicode symbols \b\u2265, \b> etc.) that do not alter the meaning. No items are missing, added, or logically distorted.",,NCT04071652
2,21.0,0.0,2.0,"The extraction captures most raw criteria but contains several logical distortions and formatting errors. The ≥ sign in the recurrent PAF criterion is lost, the kidney‑function criterion omits the ≤ sign, and two separate raw items (active gastrointestinal bleeding and significant anemia) are merged into single extracted strings, effectively omitting them as distinct entries. Minor formatting issues (stray quotes, escaped characters) are also present. No hallucinated criteria were added.",Distortion,NCT03626649
5,18.0,0.0,0.0,"The extracted inclusion and exclusion criteria exactly match the raw eligibility text. All 5 inclusion criteria and all 13 exclusion criteria are present with no omissions, hallucinations, or logical distortions. Formatting is consistent and no extra items were introduced.",,NCT01755143
4,19.0,0.0,0.0,"The extracted criteria capture all inclusion and exclusion items accurately with no omissions, hallucinations, or logical distortions. The only issue is a minor formatting problem in the third inclusion criterion where commas separating sub‑items are missing, but the content remains correct.",,NCT01288352
5,10.0,0.0,0.0,"The extracted inclusion and exclusion lists contain all criteria from the raw text with no missing items, no added (hallucinated) items, and no factual distortions. Formatting differences (e.g., collapsing sub‑bullets into a single string) are minor and do not affect content fidelity.",,NCT00607178
5,7.0,0.0,0.0,"All inclusion criteria from the raw text are captured accurately with no missing items, no added items, and no logical distortion. Formatting is appropriate; the list reflects the original clauses correctly.",,NCT05470764
4,4.0,0.0,0.0,All original inclusion and exclusion criteria are present and accurate. The only issue is a minor formatting artifact (escaped quote) in the second inclusion item.,,NCT06759987
5,13.0,0.0,0.0,"The extracted inclusion and exclusion criteria exactly match the original text with no missing items, no added items, and no semantic changes. Formatting is appropriate.",,NCT02984111
5,12.0,0.0,0.0,"The extracted inclusion and exclusion criteria exactly match the original text with no omissions, hallucinations, distortions, or formatting errors.",,NCT03187509
5,21.0,0.0,0.0,"All inclusion and exclusion criteria from the raw text are present, exactly matching the original wording. No items are missing, added, or altered, and the JSON formatting of the lists is appropriate.",,NCT01873963
5,7.0,0.0,0.0,"All inclusion and exclusion criteria are extracted accurately with no omissions, hallucinations, or logical distortions. Formatting is consistent with the original text.",,NCT06942871
5,8.0,0.0,0.0,"All inclusion and exclusion criteria from the original text are present, accurately worded, and no extra or missing items are detected. No logical distortions or hallucinations are observed.",,NCT01182532
5,7.0,0.0,0.0,"The extracted inclusion and exclusion criteria exactly match the raw eligibility criteria with no omissions, hallucinations, logical distortions, or formatting errors.",,NCT05757193
4,32.0,0.0,0.0,"All inclusion and exclusion criteria from the raw text are present in the extracted lists with correct meaning. No items are missing, added, or altered. Minor formatting issues such as escaped quotation marks and Unicode encoding are present, which prevents a perfect score but does not affect content accuracy.",,NCT03672591
2,12.0,1.0,0.0,"All criteria are present except the first inclusion criterion, where the extracted text changes the threshold from ""≥37 WG"" to "">37 WG"" and adds an extraneous quotation mark, constituting a logical distortion and formatting error. No criteria are omitted or hallucinated.",Distortion,NCT03991091
5,15.0,0.0,0.0,"All inclusion and exclusion criteria from the raw text are present in the extracted lists with identical meaning. No items are missing, added, or altered. Minor formatting differences (e.g., plain '<' and '>' symbols) do not affect content accuracy.",,NCT02226120
4,31.0,0.0,0.0,"All inclusion and exclusion criteria from the original text are present in the extracted lists. The inclusion criteria that involve multiple sub‑criteria are combined into a single string, which is a minor formatting issue but does not omit or distort any required information. No hallucinated or incorrect criteria were introduced.",,NCT02546648
5,22.0,0.0,0.0,"All inclusion and exclusion criteria from the raw text are present in the extracted lists with identical wording and no additional items. No omissions, hallucinations, logical distortions, or formatting errors are observed.",,NCT06474208
5,13.0,0.0,0.0,"The extracted inclusion and exclusion lists contain all criteria present in the raw text with no missing items, no added items, and no misrepresentations. Formatting is acceptable and there are no logical distortions.",,NCT03779217
4,14.0,0.0,0.0,"All inclusion and exclusion criteria from the raw text are present in the extracted lists with correct content. Minor formatting inconsistencies (extra quotation marks, use of '>=' instead of the original '≥', and stray semicolons) are observed, but no criteria are omitted, hallucinated, or logically distorted.",,NCT05359250
3,17.0,0.0,3.0,"The extracted lists contain all the main criteria from the raw text, but they omit several important qualifiers: the caregiver eligibility clause about selecting the caregiver who provides the most care and verbal consent; the exclusion note that patients who received a one‑time IV vasodilator dose and are no longer on it are eligible; and the statement that patients hospitalized within 30 days are eligible unless the institution mandates observation. No hallucinated or distorted criteria are present, and formatting is acceptable.",Omission,NCT03302910
5,14.0,0.0,0.0,"The extracted inclusion criteria exactly match all raw inclusion criteria across all participant groups, with no omissions, hallucinations, or distortions. The exclusion criteria correctly reflect that there are none. Minor formatting duplication is acceptable and does not affect correctness.",,NCT05091710
2,16.0,0.0,0.0,"The extracted lists contain all the raw criteria, so true positives are complete and there are no hallucinated items. However, the inclusion criteria have logical distortions: the first criterion omits the requirement of sinus rhythm and the EF threshold is shown as ""45%"" instead of ""≤45%"", which changes the meaning. Several items use incorrect back‑slash placeholders (e.g., ""\b"" instead of ""β"" or the ""≤"" sign) and the COPD exclusion lacks the required ""≥"" before GOLD II, constituting major logical distortions. These errors lower the score to 2 (major omission/distortion). The main issue is distortion rather than omission or hallucination.",Distortion,NCT01945606
2,5.0,0.0,6.0,"The extraction omitted entire sets of inclusion criteria for the hyperkalaemia patient cohort (RAASi with potassium >=5.5 mmol/L, consent, age) and for healthcare professionals (doctor/pharmacist/non‑medical prescriber, consent, age). These six criteria are present in the raw text but missing from the extracted list, representing a major omission. No hallucinated criteria were added, and the included items correctly match the source.",Omission,NCT04249648
3,18.0,0.0,0.0,"All top‑level inclusion and exclusion bullets from the original text are present in the extracted lists, so true positives equal the total number of bullets (18) with no false positives. However, the extraction omits the detailed sub‑criteria that define ""severe"" and ""life‑threatening"" COVID‑19 (e.g., dyspnea, respiratory rate ≥30/min, SpO2 ≤93%, PaO2/FiO2 <300, lung infiltrates >50%, respiratory failure, septic shock, multiple organ dysfunction) and the note about the required eIND application. These omissions are not hallucinations or distortions but represent missing information, thus a minor omission leading to a score of 3.",Omission,NCT04340050
5,13.0,0.0,0.0,"All inclusion and exclusion criteria from the raw text are present, accurately worded, and no extra or missing items were identified. No logical distortions or formatting problems were observed.",,NCT00628550
5,8.0,0.0,0.0,"All inclusion and exclusion criteria from the raw text are present in the extracted lists with no missing items, no added items, and no alteration of meaning. Minor punctuation differences (e.g., missing closing parentheses) are present in both source and extraction, so they do not constitute errors. Therefore the extraction is perfect.",,NCT01150760
4,7.0,0.0,0.0,"All inclusion and exclusion criteria from the original text are present and accurate. The only issue is a minor formatting artifact in the extracted inclusion criterion (escaped quotation marks and backslashes around the '>=' symbol). No omissions, hallucinations, or logical distortions were found.",,NCT04054635
5,7.0,0.0,0.0,"All inclusion and exclusion criteria from the raw text are present in the extracted lists with exact wording. No items are missing, added, or altered, and formatting is appropriate.",,NCT05682508
5,9.0,0.0,0.0,"All inclusion and exclusion criteria from the original text are present, correctly worded, and no extra or missing items were found. No logical distortions or hallucinations detected.",,NCT01733368
4,21.0,0.0,0.0,"All inclusion and exclusion items from the raw criteria are present in the extracted lists. No omissions, hallucinations, or logical distortions were found. The only issue is a minor formatting inconsistency (missing escape character before the '>' symbol in the obesity criterion), which warrants a slight downgrade from perfect.",,NCT04754880
2,29.0,0.0,0.0,"All original exclusion criteria are present with only minor formatting issues (extra newline characters). Inclusion criteria are largely captured, but the weight requirement lost the '≥' sign, changing the meaning of the criterion (exactly 8 kg vs. at least 8 kg). This constitutes a logical distortion, which lowers the overall rating to a 2. No criteria are omitted or hallucinated.",Distortion,NCT01642407
4,14.0,0.0,0.0,"All 14 raw criteria (7 inclusion, 7 exclusion) are present in the extracted lists. No criteria are missing or added. One exclusion item contains minor formatting errors (escaped quotes and backslash around the >= symbol), but the semantic content matches the original. Hence a minor formatting issue leads to a score of 4.",,NCT03338374
5,4.0,0.0,0.0,"The extracted inclusion and exclusion criteria exactly match the original text with no omissions, hallucinations, or distortions. Formatting is appropriate.",,NCT04312490
4,8.0,0.0,0.0,"All inclusion and exclusion criteria from the raw text are present. The only issue is a minor formatting inconsistency: the inclusion list merges the introductory phrase ""The subject has at least one of the following comorbidities:"" with the first comorbidity into a single string, but no content is omitted or altered.",,NCT01252810
2,25.0,4.0,4.0,"The exclusion criteria are fully captured, but the inclusion criteria contain logical distortions: the inequality symbols (≥, ≤) for Age, BSA, LVEF, and CI are omitted, altering the meaning of the thresholds. Additionally, many entries suffer from formatting problems (broken strings, misplaced commas and quotes). No extra (hallucinated) criteria are present.",Distortion,NCT02475460
5,6.0,0.0,0.0,"The extracted inclusion and exclusion criteria exactly match the raw eligibility text with no omissions, hallucinations, distortions, or formatting issues.",,NCT04366960
2,10.0,1.0,2.0,"The exclusion criteria are perfectly extracted (8 true positives, no false positives or false negatives). In the inclusion criteria, two items are correctly extracted, but the age criterion is malformed: the extracted string ""Age "",""18 years of age"" lacks the required ""≥"" sign and contains stray punctuation, resulting in a logical distortion and omission of the correct age requirement. This yields one false positive (the malformed age entry) and one false negative (the missing correct age criterion). Overall, there is a major omission/distortion, leading to a score of 2.",Distortion,NCT01522417
5,7.0,0.0,0.0,"All inclusion and exclusion criteria from the raw text are present in the extracted lists with accurate wording. No criteria are missing, added, or altered. Minor formatting differences (e.g., using "">= 18 years"" instead of the ≥ symbol) do not affect the semantic content, so the extraction is perfect.",,NCT02202291
5,8.0,0.0,0.0,"The extracted inclusion criteria fully capture both the primary inclusion statement and the secondary conditional regime without omitting any details or adding extraneous information. The extracted exclusion criteria include every exclusion point from the original text, correctly consolidating the list of risk factors into a single entry. No hallucinated or distorted items are present, and formatting issues do not affect the fidelity of the content.",,NCT06667882
5,8.0,0.0,0.0,"The extracted inclusion and exclusion criteria exactly match the original text with no omissions, hallucinations, or distortions. Formatting is appropriate.",,NCT03916926
5,22.0,0.0,0.0,"The extracted inclusion and exclusion criteria exactly match the original text with no missing items, no added items, and no logical distortions. Formatting is appropriate for the required JSON output.",,NCT05377190
5,12.0,0.0,0.0,"The extracted inclusion and exclusion criteria exactly match the original list with no omissions, hallucinations, or distortions. Formatting is consistent and accurate.",,NCT00333320
5,7.0,0.0,0.0,"The extracted inclusion and exclusion criteria exactly match the original text with no omissions, hallucinations, distortions, or formatting problems.",,NCT02666235
5,16.0,0.0,0.0,"The extracted inclusion and exclusion criteria exactly match the raw eligibility text with no missing items, no added items, and no alterations. Formatting is appropriate and consistent with the source.",,NCT03759925
4,13.0,0.0,0.0,"All inclusion and exclusion criteria are present and accurate. The only issue is a minor formatting error in the first inclusion item where the escaped characters ""\b\u2264"" appear instead of the proper ""≤"" symbol. No omissions, hallucinations, or logical distortions were found.",,NCT00214318
3,13.0,0.0,0.0,"The extracted inclusion criteria are complete but the renal function item contains an extraneous escaped quote (""\"">= 80"") – a minor formatting issue. In the exclusion list, the criterion about organ dysfunction is truncated, missing the phrase ""with the target population of healthy volunteers"". This represents a minor omission of content. No hallucinated or distorted criteria were found.",Omission,NCT04763226
4,6.0,0.0,0.0,"All six eligibility criteria (four inclusion, two exclusion) are captured and semantically match the original text. The inclusion criteria strings contain extraneous punctuation and misplaced commas (e.g., ""Age "","">= 18 years""), which is a minor formatting issue. No criteria are missing, added, or logically altered.",,NCT04095143
5,15.0,0.0,0.0,"The extracted inclusion and exclusion lists contain all items from the raw eligibility criteria with exact wording and no added or missing items. No hallucinations, omissions, or logical distortions are present, and the formatting conforms to the required JSON array of strings.",,NCT01730417
5,30.0,0.0,0.0,"The extracted inclusion and exclusion criteria exactly match the original eligibility text. All items are present, correctly worded, and no extra (hallucinated) or missing (omitted) criteria are observed. Formatting is appropriate for JSON representation.",,NCT00417417
5,19.0,0.0,0.0,"The extracted inclusion and exclusion criteria exactly match the raw eligibility text. All items are present with no missing or extra entries, and the wording is faithful without logical distortion. Formatting is appropriate for JSON arrays.",,NCT01004289
4,11.0,0.0,0.0,"All inclusion and exclusion criteria from the raw text are present in the extracted lists with correct meaning. No criteria are missing, added, or altered. The only issues are minor formatting artifacts such as escaped quotation marks and extra symbols (e.g., ""\"">=\"""" instead of "">="") which do not change the content. Therefore the extraction is essentially correct with minor formatting imperfections.",,NCT03901326
5,10.0,0.0,0.0,"The extracted inclusion and exclusion criteria exactly match the original eligibility text with no omissions, hallucinations, logical distortions, or formatting errors.",,NCT03516578
4,26.0,0.0,0.0,"All 26 exclusion criteria from the original text are present in the extracted list with no missing or extra items, and the inclusion criteria are perfectly captured. The only deviation is minor inconsistent punctuation (some items end with a period while others do not), which constitutes a formatting issue but does not affect content accuracy.",,NCT00650143
5,4.0,0.0,0.0,"All inclusion and exclusion criteria are extracted exactly as in the original text with no omissions, hallucinations, or distortions. Formatting is appropriate.",,NCT00159718
5,13.0,0.0,0.0,"All inclusion and exclusion criteria are extracted exactly as in the original text with no omissions, hallucinations, or distortions. Formatting is appropriate.",,NCT02120859
5,9.0,0.0,0.0,"The extracted inclusion and exclusion criteria exactly match the raw eligibility criteria with no omissions, hallucinations, distortions, or formatting problems.",,NCT03003780
5,12.0,0.0,0.0,"All inclusion and exclusion criteria from the raw text are present in the extracted lists with correct values and no extra or missing items. No hallucinations or logical distortions are observed, and formatting is acceptable.",,NCT01671696
2,2.0,1.0,1.0,"Inclusion criteria are extracted perfectly. In the exclusion list, the criterion ""Age ≥ 18 years"" is missing (false negative) and is replaced by a malformed entry ""Age \"""" which does not correspond to any original criterion (false positive). This represents a major omission and a logical distortion of the original text. The other two exclusion criteria are correctly extracted.",Omission,NCT04420468
5,8.0,0.0,0.0,"All inclusion and exclusion criteria are extracted accurately with no omissions, hallucinations, or logical distortions. Formatting is correct.",,NCT03402750
2,26.0,1.0,1.0,"All inclusion criteria are present, but the first item uses a tab and '1' instead of the original '≥1', which is a minor formatting issue. In the exclusion list, the serum creatinine/GFR criterion is missing the '≤' sign (""GFR \t30 mL/min"" instead of ""GFR ≤30 mL/min""), altering the meaning and constituting a logical distortion. No items are omitted or hallucinated beyond this distortion.",Distortion,NCT04327635
5,14.0,0.0,0.0,"All inclusion and exclusion criteria from the raw text are present in the extracted lists with exact wording and no extra or missing items. No hallucinations, omissions, or logical distortions are observed. Formatting of the extracted strings is appropriate.",,NCT02232997
4,10.0,0.0,0.0,"All inclusion and exclusion criteria from the raw text are present in the extracted lists with correct meaning. The only issue is a minor formatting artifact in the severe cognitive impairment entry (extra newline and escaped Unicode), which does not affect the content. No omissions, hallucinations, or logical distortions are observed.",,NCT01589913
5,17.0,0.0,0.0,"The extracted inclusion and exclusion criteria exactly match the original text with no omissions, hallucinations, or logical distortions. Formatting is appropriate.",,NCT05709262
5,9.0,0.0,0.0,"The extracted inclusion and exclusion lists contain all items from the raw eligibility criteria with accurate wording. No items are missing, added, or distorted. Minor formatting differences (e.g., combining sub‑points into a single string) do not affect content fidelity.",,NCT00121485
5,12.0,0.0,0.0,"All inclusion and exclusion criteria are extracted exactly as in the original text with no omissions, hallucinations, logical distortions, or formatting errors.",,NCT02525185
4,10.0,0.0,0.0,"All inclusion and exclusion criteria from the raw text are present in the extracted lists with correct content. Minor formatting issues are observed (e.g., escaped quotes around "">=45 years"" and lack of trailing punctuation), but no omissions, hallucinations, or logical distortions.",,NCT02027896
4,10.0,0.0,0.0,"All inclusion and exclusion criteria from the raw text are present with correct meaning. Minor formatting differences (e.g., omission of trailing periods) are noted but do not affect content.",,NCT04307823
5,6.0,0.0,0.0,"All inclusion and exclusion criteria from the raw text are present in the extracted lists with exact wording and no additional or missing items. No hallucinations, omissions, logical distortions, or formatting problems are observed.",,NCT02439996
4,11.0,0.0,0.0,"All inclusion and exclusion criteria are present and accurate. The only issue is a minor formatting artifact in the third inclusion criterion where the greater‑than-or‑equal sign is represented as ""\"">= 5 years"" instead of the original ""≥ 5 years"". No omissions, hallucinations, or logical distortions are detected.",,NCT00325403
4,10.0,0.0,0.0,"All original inclusion and exclusion criteria are present in the extracted lists with correct content. The only issue is a minor formatting artifact in the second inclusion item (extra escaped quote and characters around "">= 18 years old""). No omissions, hallucinations, or logical distortions were found.",,NCT03157297
4,8.0,0.0,0.0,"The extracted criteria capture all original inclusion and exclusion points accurately. Minor formatting issue: the two cannulation strategies are listed as separate items each repeating the introductory phrase, which is a slight redundancy but does not affect content fidelity.",,NCT02750423
5,13.0,0.0,0.0,"All inclusion and exclusion criteria from the raw text are present, correctly worded, and no extra or missing items are detected. No logical distortions, hallucinations, or formatting problems are observed.",,NCT04871178
5,29.0,0.0,0.0,All inclusion and exclusion criteria from the raw text are present in the extracted lists with exact wording and no extra or missing items. No logical distortions or formatting errors are observed.,,NCT02663115
2,19.0,1.0,1.0,"All criteria are present except one inclusion criterion where the potassium concentration inequality was reversed (extracted as '>= 2 mEq/L' instead of the required '≤ 2 mEq/L'), representing a logical distortion. No items are missing or added; exclusion criteria are perfectly extracted. The reversed inequality makes that item incorrect, counting as one false positive and one false negative.",Distortion,NCT03781089
5,3.0,0.0,0.0,"The extracted inclusion criteria capture all three substantive criteria from the raw text: the overall patient transfer condition and the two specific definitions of higher level care. No criteria are missing, added, or altered. The exclusion criteria correctly reflect that none were specified. Formatting is appropriate.",,NCT02044718
5,13.0,0.0,0.0,"All inclusion and exclusion criteria from the raw text are present, correctly worded, and no extra or missing items were found. Minor punctuation differences do not affect content fidelity.",,NCT01454323
4,30.0,0.0,0.0,"All 4 inclusion criteria and all 26 exclusion criteria from the raw text are present in the extracted lists with equivalent meaning. No criteria are missing or added, and there are no logical distortions. Minor formatting inconsistencies (escaped quotes and backslashes) are present, which constitute a minor formatting issue.",,NCT04249778
4,26.0,0.0,0.0,"All 5 inclusion and 21 exclusion criteria from the raw text are present in the extracted lists with identical meaning. The only issues are minor formatting artifacts such as escaped characters (e.g., ""\"">=1000\"""" and Unicode escape for superscript) which do not alter the content. No criteria are omitted, added, or distorted.",,NCT06780215
5,32.0,0.0,0.0,"All inclusion and exclusion criteria from the raw text are present, correctly worded, and no extra or missing items are observed. No logical distortions or formatting errors affect the fidelity of the extraction.",,NCT00286182
5,17.0,0.0,0.0,"The extracted inclusion and exclusion criteria exactly match the raw eligibility text. All 2 inclusion items and all 15 exclusion items are present with no missing, extra, or altered statements. No hallucinations, logical distortions, or formatting problems are observed.",,NCT05490459
4,21.0,0.0,0.0,"All 21 raw criteria (8 inclusion, 13 exclusion) are present in the extracted lists with identical meaning. No criteria are missing, added, or altered. The only deviation is minor formatting artifacts (extra newline and tab characters) in the second inclusion item, which does not affect content. Hence a minor formatting issue yields a score of 4.",,NCT01311791
5,14.0,0.0,0.0,"All inclusion and exclusion criteria are present, accurately worded, and no extra or missing items were found. No formatting errors affect the fidelity of the extraction.",,NCT04653597
2,11.0,1.0,1.0,"All seven inclusion criteria and five exclusion criteria are present, but the second inclusion item contains encoding errors (""u2264"" instead of ≤) and an incorrect inequality sign for PaO2/FiO2 ("" >u2264"" instead of ≤). This constitutes a logical distortion of the original eligibility text. No extra (hallucinated) criteria were added. Minor formatting issues are also present due to escaped characters, but the primary problem is the distortion of the clinical thresholds.",Distortion,NCT04354610
5,15.0,0.0,0.0,"The extracted inclusion and exclusion criteria exactly match the original list with no omissions, hallucinations, or logical distortions. All items are present and correctly worded.",,NCT06661018
5,9.0,0.0,0.0,"All inclusion and exclusion criteria from the raw text are present in the extracted lists with no missing items, no added items, and no semantic changes. Minor punctuation differences (e.g., removal of trailing semicolons) do not affect content fidelity.",,NCT02394938
4,11.0,0.0,0.0,"All inclusion and exclusion criteria from the original text are present and correctly captured. The only issue is a minor formatting/encoding artifact in the phrase ""vis‑à‑vis"" (displayed as ""vis-\u00e0-vis""), which does not affect the content. No omissions, hallucinations, or logical distortions were found.",,NCT02768935
4,8.0,0.0,0.0,"All inclusion and exclusion criteria are present with no omissions or hallucinations. The only issue is a minor formatting distortion: the beta symbol (ß) in the first exclusion criterion was incorrectly encoded as \u00df, which is a different character. This does not change the meaning but is a formatting error.",Distortion,NCT00742508
5,10.0,0.0,0.0,"The extracted inclusion and exclusion criteria exactly match the original text with no missing items, no added items, and no alterations. Formatting is appropriate.",,NCT02268968
4,17.0,0.0,0.0,"All inclusion and exclusion criteria from the raw text are present in the extracted lists. The only issue is a minor formatting inconsistency (a newline character in one inclusion item). No criteria are omitted, hallucinated, or distorted.",,NCT05726474
5,5.0,0.0,0.0,"The extracted inclusion and exclusion criteria exactly match the original text with no omissions, hallucinations, logical distortions, or formatting problems.",,NCT01638897
4,9.0,0.0,0.0,"The extracted criteria capture all inclusion and exclusion items accurately. The only issue is minor formatting: the inclusion criteria use escaped symbols ("">""= and ""<="" ) instead of the proper ≥ and ≤ symbols, but no content is omitted, hallucinated, or distorted.",,NCT04686604
5,9.0,0.0,0.0,"The extracted inclusion and exclusion criteria exactly match the original text with no omissions, hallucinations, logical distortions, or formatting problems.",,NCT02601833
4,21.0,0.0,0.0,"All inclusion and exclusion criteria from the raw text are present in the extracted lists. No items are missing (omission) or added (hallucination), and the logical meaning is preserved. The only issue is minor formatting artifacts (e.g., '\b\n\n\b\n\n\u2264' and '\b\n\n\b\n\n\u2265') in two inclusion entries, which constitute a minor formatting problem.",,NCT06353958
4,13.0,5.0,0.0,"All unique inclusion and exclusion criteria from the original text are present in the extracted lists (13 true positives). No criteria are missing (0 false negatives) and no extra criteria unrelated to the source are introduced (no hallucinations). The only issues are duplicate entries (Age >70 and willingness duplicated in inclusion; three duplicated exclusion items), which are minor formatting redundancies rather than substantive errors.",,NCT03352089
5,22.0,0.0,0.0,"The extracted inclusion and exclusion criteria exactly match the raw eligibility text with no omissions, hallucinations, or logical distortions. All 22 criteria are present and correctly worded; formatting is proper JSON arrays.",,NCT00804349
5,10.0,0.0,0.0,"The extracted inclusion and exclusion criteria exactly match the raw eligibility text with no omissions, hallucinations, logical distortions, or formatting errors.",,NCT02902458
5,9.0,0.0,0.0,"All inclusion and exclusion criteria from the raw text are present in the extracted lists with no missing items, no added items, and no alteration of meaning. Formatting is consistent with the source. Therefore the extraction is perfect.",,NCT03229538
5,22.0,0.0,0.0,"The extracted inclusion and exclusion criteria exactly match the original text. All items are present, none are missing, no extra items are introduced, and the meaning of each criterion is preserved. No formatting errors beyond those present in the source.",,NCT06595576
2,8.0,0.0,0.0,"All inclusion criteria are perfectly extracted. For exclusion criteria, eight of the nine items are correctly captured. The fourth item, which should read ""ALT, AST ≥ 3 times the upper limit of normal value, Cr ≥ 1.5 times the upper limit of normal value,"" is distorted: the greater‑than‑or‑equal symbols (≥) are replaced with ""\b"", losing the quantitative thresholds. This logical distortion affects the meaning of the criterion, constituting a major error. No items are missing or hallucinated.",Distortion,NCT03772847
5,7.0,0.0,0.0,"The extracted inclusion criteria exactly match the three raw inclusion items. The extracted exclusion criteria capture all four distinct raw exclusion items (traumatic cause, prisoner, pregnancy, known DNAR) without adding any spurious items. No omissions, hallucinations, or logical distortions are present.",,NCT03452917
4,11.0,0.0,0.0,"All inclusion and exclusion criteria from the raw text are present in the extracted lists. No items are omitted or added. The only discrepancies are minor formatting artifacts (extra backslashes and quotation marks) and a symbol change from ≥ to >=, which do not alter the meaning. Therefore the extraction is essentially correct with only minor formatting issues.",,NCT03111043
5,4.0,0.0,0.0,"The extracted inclusion list contains the exact composite statement and each of the three sub‑criteria present in the raw text. No items are missing, added, or altered, and the exclusion list correctly reflects that there are no exclusion criteria. Therefore the extraction is perfect.",,NCT01389843
5,11.0,0.0,0.0,"All inclusion and exclusion criteria from the raw text are present, correctly worded, and no extra or missing items are found. No hallucinations or logical distortions are observed. Formatting aligns with the source.",,NCT01863576
5,12.0,0.0,0.0,"All inclusion and exclusion criteria from the raw text are present in the extracted lists with no missing items, no added items, and no logical distortions. Formatting is appropriate for JSON representation.",,NCT01295840
3,18.0,0.0,0.0,"All original inclusion and exclusion items are present in the extracted lists. The only issues are minor: the age criterion uses a different symbol ("">="" instead of ""≥"") and one exclusion item is truncated with an ellipsis, omitting the final phrase ""with the objectives of the trial or safety of the volunteer."" These are minor formatting and omission errors, not major distortions or hallucinations.",Omission,NCT02305940
4,16.0,0.0,0.0,"All original inclusion and exclusion criteria are present with correct meaning. Minor formatting issues are observed: the inclusion list uses a quoted string and '>=' instead of the original '≥', and the exclusion criterion about prolonged double anti‑platelet therapy is missing a closing parenthesis. No omissions, hallucinations, or logical distortions were found.",,NCT00793221
5,7.0,0.0,0.0,"All inclusion and exclusion criteria from the raw text are present in the extracted lists with exact wording and no additional or missing items. No hallucinations, omissions, or logical distortions are observed. Formatting is appropriate.",,NCT00202878
5,9.0,0.0,0.0,"All inclusion and exclusion criteria from the original text are present, accurately worded, and no extra or missing items are detected. No logical distortions, hallucinations, or formatting errors affect the content.",,NCT02188732
5,7.0,0.0,0.0,"The extracted inclusion and exclusion criteria exactly match the original text with no omissions, hallucinations, distortions, or formatting problems.",,NCT06404021
5,7.0,0.0,0.0,"The extracted inclusion and exclusion criteria exactly match the original text with no omissions, hallucinations, logical distortions, or formatting issues.",,NCT05265104
5,6.0,0.0,0.0,"The extracted inclusion criteria exactly capture both elements of the original inclusion statement (adults ≥40 years and diagnosis of CAD). The extracted exclusion criteria list all four distinct items from the original text (comorbidities such as liver or kidney disease, alcohol intake, cardiac surgery, and refusal of consent) with no missing or added items. No logical distortions, hallucinations, or formatting problems are present.",,NCT05531552
4,11.0,0.0,0.0,"All inclusion and exclusion criteria from the raw text are present in the extracted lists. No items are missing (no omissions), no extra items are introduced (no hallucinations), and the meanings are preserved (no logical distortions). The only issue is a minor formatting artifact in the sixth exclusion criterion where a newline and tab characters appear before the unit (""\n\t\tµmol/L""). This constitutes a minor formatting issue, resulting in a score of 4.",,NCT05533606
2,6.0,1.0,14.0,"All four inclusion criteria are correctly extracted. In the exclusion list, only two criteria are accurately captured (non‑compliance with anticoagulation and the broad comorbidity clause). One extracted item merges the weight/age criterion with the pregnancy clause, losing essential details and creating a logical distortion; it does not correspond to any single raw criterion, thus counted as a false positive. The remaining fourteen exclusion criteria are omitted entirely, representing a major omission. The overall extraction suffers from major omissions and a clear logical distortion, warranting a score of 2.",Distortion,NCT04974684
5,12.0,0.0,0.0,"All inclusion and exclusion criteria from the raw text are present in the extracted lists with no missing items, no added items, and no alterations to meaning. Formatting differences (e.g., Unicode symbols) do not affect content fidelity.",,NCT02892149
4,35.0,0.0,0.0,"All 35 raw criteria (8 inclusion, 27 exclusion) are present in the extracted lists with correct meaning. No items are missing or added. Minor formatting inconsistencies such as stray quotation marks before comparison operators and a small spelling variation (""arrythmias"" vs ""arrhythmias"") are observed, but they do not alter the logical content.",,NCT00361855
5,7.0,0.0,0.0,"All inclusion and exclusion criteria are extracted exactly as in the original text with no omissions, hallucinations, or distortions. Formatting is appropriate.",,NCT04305340
5,5.0,0.0,0.0,"The extracted inclusion and exclusion criteria exactly match the original text with no omissions, hallucinations, logical distortions, or formatting problems. All five criteria are correctly captured.",,NCT04090489
2,6.0,0.0,0.0,"All required inclusion elements (prior MI and the five VT event options) and all exclusion items are present, so there are no omissions or hallucinations. However, the inclusion extraction altered the numeric thresholds, converting the original '≥' symbols to '>' and adding extraneous quotation marks (e.g., '≥3 episodes' became '>3 episodes'), which changes the logical meaning of the criteria. This constitutes a logical distortion, resulting in a score of 2.",Distortion,NCT03523286
5,11.0,0.0,0.0,"All inclusion and exclusion criteria from the original text are present in the extracted lists with identical wording. No criteria are missing, added, or altered, and the JSON formatting of the arrays is correct.",,NCT00411177
2,9.0,0.0,20.0,"The extracted criteria correctly capture all items from the 'ALL' section, but they completely omit the inclusion and exclusion criteria for the HEALTHY, HYPERTENSIVE, and HFpEF sub‑populations. This represents a major omission rather than a formatting error or hallucination. No false positives or logical distortions are present.",Omission,NCT02589977
5,14.0,0.0,0.0,"All inclusion and exclusion criteria from the raw text are present in the extracted lists with accurate wording and no extra or missing items. No hallucinations, omissions, or logical distortions are observed. Formatting is acceptable.",,NCT01353261
5,24.0,0.0,0.0,"All inclusion and exclusion criteria from the raw text are present in the extracted lists with no omissions, hallucinations, or logical distortions. Minor formatting differences (e.g., singular vs plural, use of '<' symbol) do not affect content fidelity.",,NCT01277783
5,22.0,0.0,0.0,"All inclusion and exclusion criteria from the raw text are present in the extracted lists with no missing items, no added items, and no alterations. Formatting is appropriate.",,NCT01162083
5,10.0,0.0,0.0,"The extracted inclusion and exclusion criteria exactly match the raw eligibility text with no omissions, hallucinations, distortions, or formatting problems.",,NCT00132886
5,6.0,0.0,0.0,"The extracted inclusion and exclusion criteria exactly match the original text with no omissions, hallucinations, logical distortions, or formatting errors.",,NCT02902341
5,15.0,0.0,0.0,"All inclusion and exclusion criteria from the raw text are present, correctly worded, and no extra or missing items were introduced. No logical distortions or formatting problems were detected.",,NCT03036254
5,5.0,0.0,0.0,"All inclusion and exclusion criteria from the raw text are present, correctly worded, and no extra or missing items are found. No formatting or logical issues detected.",,NCT00747656
5,15.0,0.0,0.0,"All inclusion and exclusion criteria from the raw text are present in the extracted lists with correct wording and no extra items. No omissions, hallucinations, or logical distortions are observed. Formatting is appropriate for the purpose.",,NCT01439529
3,8.0,0.0,1.0,"The extracted inclusion criteria perfectly match the raw inclusion list. All exclusion criteria are captured except the first raw item 'Individuals with HF who were included in the study as a sample', which is missing from the extraction, representing a minor omission. No hallucinated or distorted items are present.",Omission,NCT07305272
5,31.0,0.0,0.0,"All inclusion and exclusion criteria from the raw text are present in the extracted lists with no missing items, no added items, and no logical changes. Formatting is acceptable.",,NCT01651156
4,15.0,0.0,0.0,"All original inclusion and exclusion criteria are present with correct meaning; no items are missing, added, or logically altered. The extracted strings contain extraneous markup tags (e.g., ""\tagName\n"") and a minor symbol change (""<="" instead of ""≤""), which are formatting issues but do not affect content accuracy.",,NCT01155622
4,15.0,0.0,0.0,"All inclusion and exclusion criteria from the raw text are present in the extracted lists with correct meaning. The extraction merges some sub‑items (e.g., EGFR/ALK/ROS1) into a single bullet, which is acceptable. Minor formatting issues such as line‑break artifacts, escaped characters (\u2265, \u2264, \u00d7) and loss of superscript notation are observed, but they do not alter the clinical content. No criteria are omitted, added, or logically distorted.",,NCT03915951
5,2.0,0.0,0.0,"Both inclusion and exclusion criteria are extracted verbatim from the raw text with no omissions, hallucinations, or logical distortions. Formatting is correct and no extra items are present.",,NCT04940650
5,4.0,0.0,0.0,"All inclusion and exclusion criteria are extracted exactly as in the original text with no omissions, hallucinations, or logical distortions. Formatting is appropriate.",,NCT05712915
5,5.0,0.0,0.0,"All inclusion and exclusion criteria from the original text are present, verbatim, with no missing items, no added items, and no alterations. The formatting into JSON arrays is appropriate and does not affect content fidelity.",,NCT01604486
5,6.0,0.0,0.0,"All inclusion and exclusion criteria from the original text are present, correctly worded, and no extra or missing items are found. No hallucinations, omissions, or logical distortions are detected.",,NCT03300427
5,2.0,0.0,0.0,"The extracted inclusion and exclusion criteria exactly match the original text with no omissions, hallucinations, or distortions. Formatting is correct.",,NCT01081210
5,7.0,0.0,0.0,"The extracted inclusion and exclusion criteria exactly match the raw eligibility text with no omissions, hallucinations, or logical distortions. Formatting is appropriate.",,NCT00863629
5,2.0,0.0,0.0,"The extracted inclusion and exclusion criteria exactly match the original text with no omissions, hallucinations, distortions, or formatting problems.",,NCT04335162
2,21.0,2.0,2.0,"The extracted exclusion criteria perfectly match the original list (14 true positives, no false positives or false negatives). The inclusion criteria contain two items with logical distortions: the age criterion omits the '≥' sign and the LVEF criterion omits the '≥' sign, altering the intended meaning. These two distorted items are counted as false positives (incorrect extra forms) and false negatives (the correct forms are missing). No items were omitted or hallucinated beyond these distortions. The presence of logical distortions constitutes a major error, resulting in a score of 2.",Distortion,NCT02814097
4,16.0,0.0,0.0,"All original inclusion and exclusion criteria are present. The only issue is a minor formatting error in the seventh inclusion criterion where the LVEF >=50% portion includes an extraneous escaped quote (\""), but the meaning remains unchanged.",,NCT04738279
4,14.0,0.0,0.0,"All 14 exclusion criteria are present, but two entries ('current use of \b-blockers' and 'history of adverse reaction to \b-blockers') incorrectly render the beta symbol as '\b' instead of 'β'. This is a minor formatting/distortion issue; no criteria are omitted or hallucinated.",Distortion,NCT00964678
2,8.0,2.0,2.0,"The extracted inclusion criteria contain two logical distortions: the age range is written as "">=18 and >=80"" instead of ""≥18 and ≤80"", and the symptom duration is written as "">=6 hour"" instead of ""≤6 hour"". These also constitute formatting errors with stray quotation marks. Consequently, the correct age and duration criteria are missing (false negatives) and the incorrect versions are present (false positives). All other inclusion items and the entire set of exclusion criteria are accurately captured with no hallucinations. The major logical errors lead to a score of 2, categorized as a Distortion.",Distortion,NCT02603835
5,19.0,0.0,0.0,"The extracted inclusion and exclusion lists contain all 6 inclusion criteria and all 13 exclusion criteria from the raw text, with exact wording and no extra or missing items. No hallucinations, omissions, or logical distortions are present, and the JSON formatting is correct.",,NCT01509040
5,5.0,0.0,0.0,"All inclusion and exclusion criteria from the raw text are present in the extracted lists with no omissions, hallucinations, or logical distortions. Formatting is appropriate; each criterion is captured as a separate string. Therefore the extraction is perfect.",,NCT00311194
5,2.0,0.0,0.0,"The extracted inclusion and exclusion criteria exactly match the original text with no omissions, hallucinations, or logical distortions. Formatting is correct.",,NCT05184972
5,25.0,0.0,0.0,"The extracted inclusion and exclusion criteria exactly match the raw eligibility text. No items are missing, added, or altered, and formatting conforms to the expected JSON array of strings.",,NCT00868439
5,11.0,0.0,0.0,"The extracted inclusion and exclusion criteria exactly match the raw eligibility text with no omissions, hallucinations, or logical distortions. Formatting is appropriate for JSON arrays.",,NCT02007629
5,18.0,0.0,0.0,"All inclusion and exclusion criteria from the raw text are present, correctly worded, and no additional or altered items are introduced. No omissions, hallucinations, or logical distortions are detected, and the formatting of the extracted lists is appropriate.",,NCT00482937
4,9.0,0.0,0.0,"All original inclusion and exclusion items are present with correct meaning. The inclusion criteria contain minor formatting artifacts (extra quotation marks and escaped symbols) in the age and anticoagulation items, but no content is omitted, added, or distorted. No hallucinated items are introduced.",,NCT03817372
5,9.0,0.0,0.0,The extracted inclusion criteria contain all five items from the raw text (two patient group criteria and three control group criteria) with no missing or added items. The extracted exclusion criteria contain all four items from the raw text with no omissions or hallucinations. No logical distortions or formatting errors are present.,,NCT00266201
4,15.0,0.0,0.0,"All inclusion and exclusion criteria from the original text are present in the extracted lists with accurate wording; there are no omissions, hallucinations, or logical distortions. The only minor issue is formatting: the angiographic inclusion criteria, which in the source are broken into several sub‑points, are merged into a single long string. This is a minor formatting deviation but does not affect the factual content.",,NCT02114541
2,11.0,1.0,1.0,"The exclusion criteria are extracted perfectly with no omissions, hallucinations, or distortions. The inclusion criteria miss the critical ""≤"" sign in the LV ejection fraction threshold, changing ""≤35%"" to ""35%"" and inserting an unintended newline, which constitutes a logical distortion of the eligibility condition. Consequently, the first inclusion item is not a true positive (it is a false positive) and the correct version is a false negative. All other items are correctly captured. The primary issue is a logical distortion, leading to a score of 2 per the rubric.",Distortion,NCT00998556
5,7.0,0.0,0.0,"The extracted inclusion criteria list exactly matches all substantive eligibility items from the raw text. No criteria are omitted, added, or altered, and formatting is appropriate. The introductory sentence is not a criterion, so its exclusion is correct.",,NCT00887978
3,6.0,0.0,1.0,All inclusion criteria are correctly extracted. One exclusion criterion is missing: the note that subjects who stop cycling due to physical symptoms or health problems are included in analysis. No hallucinations or distortions are present.,Omission,NCT03310450
5,21.0,0.0,0.0,"All inclusion and exclusion criteria from the raw text are present in the extracted lists with accurate wording. No criteria are omitted, added, or distorted. Formatting is acceptable (each criterion as a string in an array). Therefore the extraction is perfect.",,NCT01105091
5,2.0,0.0,0.0,"The extracted inclusion and exclusion criteria exactly match the original text with no omissions, hallucinations, or logical distortions. Formatting is acceptable; each criterion is captured as a single string in an array.",,NCT02916225
2,8.0,1.0,1.0,"All inclusion criteria are correctly extracted. Six of seven exclusion criteria match exactly. One exclusion item ('electrolyte unbalances (especially hypokalemia, hypomagnesemia, hypocalcemia)') is incorrectly extracted as 'hypocalcium' instead of 'hypocalcemia', representing a logical distortion. This results in one false positive (the distorted entry) and one false negative (the correct original entry not faithfully captured). The error is a logical distortion, warranting a score of 2.",Distortion,NCT00710788
5,14.0,0.0,0.0,"All inclusion and exclusion criteria from the raw text are present in the extracted lists with exact wording and no extra or missing items. No logical distortions, hallucinations, or formatting problems are observed.",,NCT03656861
4,11.0,0.0,0.0,"All criteria from the original text are present and correctly captured. The only issue is a minor formatting artifact (newline and tab characters) in the third inclusion criterion, which does not affect the meaning.",,NCT02757742
2,7.0,4.0,7.0,"All inclusion criteria are correctly extracted. For exclusion criteria, the first seven items match the original text, but the complex criterion about severe liver and kidney dysfunction is broken into fragmented strings that do not convey the full meaning, and the remaining seven criteria (hemoglobin <90 g/L, NYHA IV/LVEF <30%, BP <100/60 mmHg, recent pregnancy/abortion/breastfeeding, expected survival <1 year, participation in other studies) are completely missing. These constitute major omissions, resulting in a score of 2.",Omission,NCT03809273
5,14.0,0.0,0.0,"All inclusion and exclusion criteria from the raw text are present, correctly worded, and no extra or missing items were found. Formatting of the extracted lists is appropriate.",,NCT01242722
2,14.0,2.0,2.0,"Inclusion criteria extraction contains logical distortions: the inequality symbols for LVEF (≤) and QRS duration (≥) are omitted, altering the meaning of those criteria. These two items are therefore incorrect (false positives) and the correct forms are missing (false negatives). All other inclusion items and all exclusion items are accurately captured. No hallucinations are present.",Distortion,NCT03125720
5,14.0,0.0,0.0,"All inclusion and exclusion criteria from the raw text are present in the extracted lists with exact wording and no extra or missing items. No hallucinations, omissions, or logical distortions detected. Formatting of the extracted arrays is correct.",,NCT01429324
5,12.0,0.0,0.0,"The extracted inclusion and exclusion criteria exactly match the original text with no omissions, hallucinations, distortions, or formatting errors.",,NCT01576861
4,13.0,0.0,0.0,"All inclusion and exclusion items are present and accurate. The extracted criteria contain minor formatting errors (e.g., escaped symbols ""\"">=\"" instead of the proper ≥ sign and extra quotation marks), but no content omissions, hallucinations, or logical distortions.",,NCT05214573
2,9.0,3.0,3.0,"The exclusion criteria are extracted perfectly (5 true positives, no false positives or false negatives). However, the inclusion criteria contain major issues: three original items (Age range, ejection fraction threshold, and vessel disease stenosis threshold) are either omitted or severely corrupted, resulting in three false positives (malformed strings) and three false negatives (missing the correct criteria). These constitute major omissions and logical distortions, lowering the overall score to 2. The primary problem is the omission of complete, accurate inclusion criteria.",Omission,NCT02023983
5,17.0,0.0,0.0,"All inclusion and exclusion criteria from the raw text are present in the extracted lists with accurate wording and no extra or missing items. No logical distortions or hallucinations are observed, and formatting is appropriate.",,NCT04075994
4,22.0,0.0,0.0,"All inclusion and exclusion criteria from the raw text are present and semantically accurate. The only issue is a minor formatting inconsistency (missing space in ""30days""), which does not affect the meaning.",,NCT00568542
5,3.0,0.0,0.0,"The extracted inclusion and exclusion criteria exactly match the raw eligibility text, with only trivial removal of punctuation. No items are missing, added, or altered.",,NCT03381742
4,8.0,0.0,0.0,"All inclusion and exclusion criteria are present and accurate. The only discrepancy is a minor formatting difference (removal of a trailing period in the Age criterion). No omissions, hallucinations, or logical distortions were found.",,NCT02736253
5,13.0,0.0,0.0,"All inclusion and exclusion criteria from the raw text are present in the extracted lists with exact wording and no additional or missing items. No hallucinations, omissions, logical distortions, or formatting problems are observed.",,NCT03583437
2,17.0,0.0,0.0,"All inclusion and exclusion items are present; however, the extracted exclusion criterion regarding over‑the‑counter drugs omitted the ""≤"" sign before ""100% recommended daily allowance"" and introduced a newline, changing the meaning of the allowed supplement limit. This constitutes a logical distortion, leading to a score of 2.",Distortion,NCT02845037
5,11.0,0.0,0.0,"All inclusion criteria (adult 18-80, coma ≥24h after cardiac arrest, admission to cardiac ICU, temperature normalized after therapeutic hypothermia, next-of-kin consent) are present and correctly phrased. All exclusion criteria (pregnancy, impaired renal function, CT contrast contraindications, lack of consent, age >80, age <18) are also captured without any missing or extra items. No logical distortions, hallucinations, or formatting problems are observed.",,NCT02102945
5,5.0,0.0,0.0,"The extracted inclusion and exclusion criteria exactly match the original text. No items are missing, added, or altered, and the formatting is appropriate.",,NCT00232180
5,15.0,0.0,0.0,"All inclusion and exclusion criteria from the raw text are present in the extracted lists with exact wording, no missing items, no added items, and no logical changes.",,NCT00151229
4,12.0,0.0,0.0,"All original inclusion and exclusion criteria are present in the extracted lists with no missing items or added (hallucinated) items. The extracted text faithfully captures the content, but there are minor formatting problems: Unicode symbols for ≥/≤ are escaped (e.g., \b\u2265) and the fourth inclusion criterion merges multiple sub‑criteria into a single long string instead of separate bullet points. These are formatting issues, not content errors, so the main category is None.",,NCT03901729
4,35.0,0.0,0.0,"All 10 inclusion criteria and all 25 exclusion criteria from the raw text are present in the extracted lists with correct meaning. No items are missing (no omissions) and no extra items are introduced (no hallucinations). The wording is faithful; only minor formatting artifacts such as escaped quotation marks and backslashes around inequality symbols are observed, which constitute a minor formatting issue.",,NCT02948231
5,9.0,0.0,0.0,"All inclusion and exclusion criteria are extracted accurately with no omissions, hallucinations, or logical distortions. Formatting is appropriate.",,NCT01723761
5,9.0,0.0,0.0,"All inclusion and exclusion criteria from the raw text are present, correctly worded, and no extra or missing items were found. Formatting is appropriate.",,NCT04966442
5,4.0,0.0,0.0,"All inclusion and exclusion criteria from the raw text are present, accurately worded, and no extra or missing items are detected. No logical distortions or formatting errors are observed.",,NCT00998205
5,9.0,0.0,0.0,"All inclusion and exclusion criteria from the raw text are present in the extracted lists with identical wording. No criteria are missing, added, or altered, and the JSON formatting of the lists is appropriate. Therefore the extraction is perfect.",,NCT04577105
5,4.0,0.0,0.0,"The extracted inclusion and exclusion criteria exactly match the original text with no omissions, hallucinations, logical distortions, or formatting errors. All four criteria (two inclusion, two exclusion) are present and correctly worded.",,NCT02694861
5,9.0,0.0,0.0,"All inclusion and exclusion criteria from the original text are present, correctly worded, and no extra or missing items were found. No formatting or logical issues detected.",,NCT00001313
5,15.0,0.0,0.0,"All inclusion and exclusion criteria from the raw text are present in the extracted lists with identical wording (aside from harmless Unicode encoding). No items are missing, added, or altered, and formatting is appropriate.",,NCT02530788
2,9.0,1.0,0.0,"All inclusion criteria are correctly extracted. All exclusion criteria are present except that the criterion regarding bilateral pleural effusion was extracted with the opposite volume threshold ('< 500 ml' instead of the original '> 500 ml'), which is a logical distortion. No items are omitted, and there are no hallucinated criteria.",Distortion,NCT03189654
5,7.0,0.0,0.0,"All inclusion and exclusion criteria are extracted accurately with correct values and symbols; no omissions, hallucinations, or distortions detected.",,NCT01292720
5,16.0,0.0,0.0,"All inclusion and exclusion criteria from the raw text are present in the extracted lists with no missing items, no added items, and no alteration of meaning. Sub‑notes in the raw text were correctly omitted as they are not eligibility criteria. Formatting is acceptable.",,NCT03648762
5,10.0,0.0,0.0,"The extracted inclusion and exclusion lists exactly match the original criteria with no omissions, hallucinations, logical distortions, or formatting errors.",,NCT01270646
5,2.0,0.0,0.0,"The extracted inclusion criteria exactly match the two original bullet points with no omissions, hallucinations, or distortions. No exclusion criteria were present in the source and the extraction correctly returns an empty list. Formatting is proper JSON.",,NCT00090259
4,8.0,2.0,1.0,"All exclusion criteria are correctly extracted. Five of the six inclusion criteria are captured exactly. The sixth inclusion criterion is split into two fragments, losing the special character ""ß"" and not presenting a complete statement, resulting in one false negative (the missing full criterion) and two false positives (the two incomplete fragments). This is a minor formatting/distortion issue, not a hallucination or severe omission.",Distortion,NCT01043146
4,11.0,0.0,0.0,"All inclusion and exclusion criteria from the original text are present in the extraction. The only issue is the Mini-Mental Assessment test score criterion, which contains stray characters and an incorrect representation of the ≥ symbol, constituting a minor formatting distortion. No criteria are omitted or hallucinated.",Distortion,NCT05625269
5,5.0,0.0,0.0,"All inclusion and exclusion criteria from the raw text are present, correctly worded, and no extra or missing items are observed. No logical distortions, hallucinations, or formatting problems affect the content.",,NCT03285373
4,22.0,0.0,0.0,"All 5 inclusion and 17 exclusion criteria from the raw text are present in the extracted lists with correct meaning. No items are missing, added, or logically altered. The only issue is the presence of formatting artifacts (e.g., \b\u2264\b for ≤) which are minor and do not affect content accuracy.",,NCT03372954
5,6.0,0.0,0.0,"The extracted inclusion and exclusion criteria exactly match the original text with no omissions, hallucinations, distortions, or formatting errors.",,NCT00637754
5,19.0,0.0,0.0,"The extracted inclusion and exclusion criteria exactly match the original text. All 6 inclusion items and all 13 exclusion items (both general and angiographical) are present with correct wording and no extra or missing items. No hallucinations, omissions, or logical distortions are observed. Minor punctuation differences (trailing periods) do not affect content, so the extraction is perfect.",,NCT00299429
4,10.0,0.0,0.0,"All original inclusion and exclusion criteria are present in the extracted lists with correct meaning. The only deviation is a minor formatting change: the first inclusion criterion uses "">= 3"" instead of the original ""≥ 3"" and includes escaped quotation marks. This does not alter the clinical meaning, so it is a minor formatting issue.",,NCT01584024
2,16.0,1.0,0.0,"All criteria are present, but the extracted inclusion criterion for NT-proBNP contains a numeric error (""≥10000 pg/ml"" instead of the correct ""≥1000 pg/ml""). This constitutes a logical distortion. No criteria are omitted, and there are no hallucinated items. Formatting is acceptable.",Distortion,NCT04593823
4,14.0,0.0,0.0,"All inclusion and exclusion criteria from the original text are present and accurate. The extracted lists combine multiple bullet points into single strings, which is a minor formatting deviation but does not affect content fidelity.",,NCT04987723
2,5.0,0.0,1.0,"All six inclusion items are present, but the fourth item is extracted as ""Left ventricular ejection fraction \b35%"" instead of the original ""Left ventricular ejection fraction ≤ 35%"". The missing ≤ sign changes the meaning and is a logical distortion as well as a formatting error. No exclusion items are omitted or hallucinated. Therefore there is one false negative (the correctly worded ejection‑fraction criterion) and no false positives.",Distortion,NCT02700880
5,9.0,0.0,0.0,"All inclusion and exclusion criteria from the raw text are present, correctly worded, and no extra or missing items were found. No formatting or logical issues detected.",,NCT03370835
5,11.0,0.0,0.0,"All inclusion and exclusion criteria from the raw text are present in the extracted lists with identical wording and no added or missing items. No hallucinations, omissions, logical distortions, or formatting errors are observed.",,NCT02374476
5,15.0,0.0,0.0,"All inclusion and exclusion criteria from the raw text are present in the extracted lists with no missing items, no added items, and no logical distortions. Formatting is appropriate.",,NCT00371891
5,10.0,0.0,0.0,"All inclusion and exclusion criteria from the raw text are present, correctly worded, and no extra or missing items were identified. No logical distortions or hallucinations are observed.",,NCT06341218
5,11.0,0.0,0.0,"The extracted lists contain all original inclusion and exclusion items with no missing, added, or altered criteria. Formatting is correct and no hallucinations or distortions are present.",,NCT05249062
5,14.0,0.0,0.0,"All inclusion and exclusion criteria from the raw text are present in the extracted lists with exact wording. No items are missing, added, or altered. The only minor observation is that the ACS definition is split into two separate entries, which is a formatting choice but does not affect content accuracy.",,NCT04794868
5,8.0,0.0,0.0,"All inclusion and exclusion criteria from the raw text are present, correctly worded, and no extra or missing items were identified. No formatting or logical issues detected.",,NCT05244590
5,16.0,0.0,0.0,"The extracted inclusion and exclusion criteria exactly match the raw eligibility text with no missing items, no added items, and no alterations. Formatting is appropriate for JSON arrays. Therefore, the extraction is perfect.",,NCT01994070
5,9.0,0.0,0.0,"All inclusion and exclusion criteria are extracted exactly as in the original text with no omissions, hallucinations, or distortions. Formatting differences (e.g., '>=' vs '≥') do not affect content fidelity.",,NCT03246035
5,7.0,0.0,0.0,"All inclusion and exclusion criteria are extracted exactly as in the original text with no omissions, hallucinations, or distortions. Formatting matches the source.",,NCT06582368
5,2.0,0.0,0.0,"All inclusion criteria are captured exactly and no exclusion criteria exist, matching the original text. No omissions, hallucinations, or distortions are present.",,NCT01890018
5,5.0,0.0,0.0,"The extracted inclusion and exclusion criteria exactly match the original text with no omissions, hallucinations, distortions, or formatting problems.",,NCT04933890
5,8.0,0.0,0.0,"The extracted inclusion and exclusion criteria exactly match the raw eligibility text with no omissions, hallucinations, logical distortions, or formatting problems.",,NCT01579513
5,14.0,0.0,0.0,"All inclusion and exclusion criteria from the raw text are present in the extracted lists with accurate wording. No criteria are omitted, added, or altered. Formatting of the JSON arrays is correct. Therefore the extraction is perfect.",,NCT02984982
2,35.0,1.0,1.0,"All inclusion criteria are perfectly extracted. All exclusion criteria are present except the acute myocardial infarction criterion, which is extracted as ""Evidence of an acute myocardial infarction \""30 days before the index procedure"" missing the original ""≤"" sign and containing an extraneous quote. This constitutes a logical distortion (the original allows up to 30 days, the extraction implies exactly 30 days). No extra (hallucinated) criteria are found.",Distortion,NCT01876420
4,20.0,0.0,0.0,"All inclusion and exclusion criteria from the raw text are present in the extracted lists. No items are missing or added, and the logical content is preserved. The only issue is minor formatting artifacts in the inclusion list (escaped characters and unconventional symbols for inequality), which constitute a minor formatting problem. Hence a score of 4 is appropriate.",,NCT04332991
5,6.0,0.0,0.0,"All inclusion and exclusion criteria are extracted exactly as in the raw text with no omissions, hallucinations, or logical distortions. Formatting is appropriate.",,NCT03939624
5,13.0,0.0,0.0,"All inclusion and exclusion criteria from the raw text are present, with no omissions, hallucinations, or logical distortions. Minor punctuation differences do not affect the fidelity of the extraction.",,NCT00520780
5,10.0,0.0,0.0,"The extracted inclusion and exclusion criteria exactly match the raw eligibility text with no omissions, hallucinations, logical distortions, or significant formatting problems.",,NCT03014180
5,8.0,0.0,0.0,"All inclusion and exclusion criteria from the raw text are present, correctly worded, and no extra or missing items are introduced. No logical distortions or formatting problems are observed.",,NCT04190368
5,9.0,0.0,0.0,"All inclusion and exclusion criteria from the raw text are present in the extracted lists with correct meaning. The only minor issue is the use of LaTeX syntax (\textgreater=) for the greater‑or‑equal sign, which is a formatting variation but does not alter the content. No omissions, hallucinations, or logical distortions are observed.",,NCT01309724
5,11.0,0.0,0.0,"The extracted inclusion and exclusion criteria exactly match the raw eligibility text with no omissions, hallucinations, or logical distortions. All items are present and correctly worded.",,NCT02291796
5,29.0,0.0,0.0,"All inclusion and exclusion criteria from the raw text are present in the extracted lists with faithful wording. No criteria are omitted, added, or altered in meaning. Formatting differences (e.g., merging sub‑points into a single string) do not affect content accuracy, so the extraction is perfect.",,NCT01856088
5,18.0,0.0,0.0,"All inclusion and exclusion criteria from the raw text are present in the extracted lists with exact wording (minor difference in escaped less‑than sign, which is acceptable). No items are missing, added, or altered, and the formatting conforms to a proper JSON array. Therefore the extraction is perfect.",,NCT00211289
5,11.0,0.0,0.0,"The extracted inclusion and exclusion criteria exactly match the raw eligibility text with no missing items, no added items, and no alterations. Formatting is appropriate.",,NCT02149290
5,9.0,0.0,0.0,"All inclusion and exclusion criteria from the original text are present, correctly worded, and no extra or missing items are detected. No logical distortions or formatting problems are observed.",,NCT04888260
4,32.0,0.0,0.0,"All inclusion (9) and exclusion (23) criteria from the raw text are present in the extracted lists. The only discrepancies are minor formatting differences such as using '>' instead of '≥', missing spaces, and punctuation variations. No criteria are omitted, added, or logically altered.",,NCT05747820
5,12.0,0.0,0.0,"All inclusion and exclusion criteria from the raw text are present in the extracted lists with exact wording, no extra items, no missing items, and no alterations of meaning. Extraction is perfect.",,NCT03913780
5,13.0,0.0,0.0,"The extracted inclusion and exclusion lists exactly match the original criteria. No items are omitted, added, or altered. Minor formatting differences (escaped characters) do not affect content fidelity.",,NCT03104062
5,13.0,0.0,0.0,"The extracted inclusion and exclusion criteria exactly match the raw eligibility text with no omissions, hallucinations, distortions, or formatting errors.",,NCT06950320
5,14.0,0.0,0.0,"All inclusion and exclusion criteria from the original text are present, accurately worded, and no extra or missing items are observed. No hallucinations, omissions, or logical distortions are detected.",,NCT00542945
5,17.0,0.0,0.0,"All inclusion and exclusion criteria from the raw text are present, correctly worded, and no extra or missing items were found. No logical distortions or formatting errors detected.",,NCT02510677
4,6.0,0.0,0.0,"All inclusion and exclusion criteria from the original text are present and accurate. The only issue is a minor formatting artifact in the first inclusion item (an extraneous quote before "">= 18 years""). No omissions, hallucinations, or logical distortions are detected.",,NCT06646757
5,6.0,0.0,0.0,"The extracted inclusion and exclusion lists contain all criteria present in the raw text with no missing items, no added items, and no alteration of meaning. Formatting is acceptable; the presence or absence of numbering does not affect content fidelity.",,NCT06947616
5,10.0,0.0,0.0,"The extracted inclusion and exclusion lists contain all original criteria verbatim with no missing items, no added items, and no alterations in meaning. Formatting is consistent with the source. Therefore the extraction is perfect.",,NCT03073447
5,14.0,0.0,0.0,"The extracted lists contain all 3 inclusion and 11 exclusion criteria exactly as in the original text, with no missing items, no added items, and no alteration of meaning. Formatting is appropriate.",,NCT03892148
4,10.0,0.0,0.0,"All inclusion and exclusion criteria are present and accurate. The only issue is a minor formatting inconsistency in the first inclusion item (extra quotation marks and escaped characters around the '>=' symbol). No omissions, hallucinations, or logical distortions were found.",,NCT04326101
5,2.0,0.0,0.0,"The extracted inclusion criteria exactly match the two bullet points in the raw text, and the exclusion criteria correctly reflects the 'None' statement as an empty list. No omissions, hallucinations, or distortions are present.",,NCT02648828
5,2.0,0.0,0.0,"The extracted inclusion and exclusion criteria exactly match the raw eligibility text with no omissions, hallucinations, distortions, or formatting problems.",,NCT02394431
5,21.0,0.0,0.0,"All inclusion and exclusion criteria from the raw text are present, correctly worded, and no extra or missing items were identified. No logical distortions or formatting errors affect the fidelity of extraction.",,NCT05536375
5,26.0,0.0,0.0,"All inclusion and exclusion criteria from the raw text are present in the extracted lists with no missing items, no added items, and no alteration of meaning. Minor formatting differences (escaped characters, extra commas) do not affect content fidelity.",,NCT03398681
5,24.0,0.0,0.0,"The extracted inclusion and exclusion criteria exactly match the original raw eligibility text. All items are present, correctly worded, and no extra or missing items are observed. Formatting is appropriate for JSON arrays.",,NCT01302171
5,5.0,0.0,0.0,"The extracted inclusion and exclusion criteria exactly match the original text with no omissions, hallucinations, or logical distortions. All items are present and correctly phrased.",,NCT04544384
5,7.0,0.0,0.0,"All inclusion and exclusion criteria from the raw text are present, correctly worded, and no extra or missing items are observed. Minor punctuation differences (e.g., removal of a trailing semicolon) do not affect content fidelity.",,NCT04979208
4,9.0,0.0,0.0,"All inclusion and exclusion criteria from the original text are present and accurate. The only issue is a minor formatting inconsistency in the inclusion criterion (""=/>"" instead of the proper ""≥"" symbol). No omissions, hallucinations, or logical distortions were found.",,NCT00507650
5,2.0,0.0,0.0,"Both inclusion and exclusion criteria are extracted exactly as in the original text with no omissions, hallucinations, distortions, or formatting problems.",,NCT01069185
2,6.0,1.0,1.0,"The extracted inclusion criteria contain a malformed entry for the age requirement: ""Age "","" 40 years"" lacks the required ""≥"" sign and includes stray characters, altering the meaning of the criterion. This is a logical distortion and also a formatting error. All other criteria are correctly extracted. Exclusion criteria are perfectly captured.",Distortion,NCT02128529
5,4.0,0.0,0.0,"The extracted inclusion and exclusion criteria exactly match the raw eligibility text with no omissions, hallucinations, or logical distortions. Formatting is appropriate for list representation.",,NCT01379131
5,5.0,0.0,0.0,"All inclusion and exclusion criteria from the raw text are present, accurately worded, and correctly formatted. No omissions, hallucinations, or logical distortions detected.",,NCT02338128
5,4.0,0.0,0.0,"All inclusion criteria (three items) and the single exclusion criterion are captured exactly as in the raw text. No items are missing, added, or altered, and formatting is appropriate.",,NCT00544739
5,7.0,0.0,0.0,"The extracted inclusion and exclusion criteria exactly match the raw eligibility text with no omissions, hallucinations, distortions, or formatting problems.",,NCT02292186
5,6.0,0.0,0.0,"All inclusion and exclusion criteria from the raw text are present, correctly worded, and no extra or missing items are observed. No formatting issues, omissions, hallucinations, or logical distortions detected.",,NCT04127383
5,7.0,0.0,0.0,"All inclusion and exclusion criteria from the raw text are present in the extracted lists with no missing items, no added items, and no alterations. The extraction faithfully reproduces the original criteria.",,NCT02159235
5,4.0,0.0,0.0,"All inclusion and exclusion criteria from the raw text are present, correctly phrased, and no extra or missing items were introduced.",,NCT04358952
5,6.0,0.0,0.0,"All inclusion and exclusion criteria from the raw text are present, correctly worded, and no extra or missing items were introduced. Formatting is appropriate.",,NCT04516525
4,16.0,0.0,0.0,"All inclusion and exclusion criteria from the raw text are present in the extracted lists with correct content. Minor formatting issues such as escaped characters (e.g., "">"" and "">="") and punctuation artifacts in the laboratory test criterion are observed, but they do not alter the meaning. No criteria are omitted, hallucinated, or logically distorted.",,NCT04967443
5,10.0,0.0,0.0,"The extracted inclusion and exclusion criteria exactly match the original text in content. Minor formatting differences (e.g., spacing) do not affect correctness. No omissions, hallucinations, or logical distortions are present.",,NCT01156636
5,9.0,0.0,0.0,"All inclusion and exclusion criteria from the raw text are present in the extracted lists with exact wording, no extra items, no missing items, and no logical distortions. Formatting is appropriate.",,NCT00209144
5,19.0,0.0,0.0,"All inclusion and exclusion criteria from the raw text are present, correctly worded, and no extra or missing items were introduced. No logical distortions or formatting problems detected.",,NCT00354406
2,14.0,0.0,0.0,"All eligibility items were extracted, but two inclusion criteria contain logical distortions: the metformin minimum dose was changed from ≥1500 mg/day to ≤1500 mg/day, and the BMI criterion was reversed from ≤45 kg/m² to ≥45 kg/m². No items were omitted or hallucinated, and the exclusion criteria were extracted accurately.",Distortion,NCT02597049
5,29.0,0.0,0.0,"The extracted inclusion and exclusion lists contain all items present in the raw eligibility criteria with no missing, added, or altered statements. No hallucinations, omissions, or logical distortions are observed. Formatting is acceptable.",,NCT05972954
4,12.0,0.0,0.0,"All criteria from the raw text are present with correct meaning. The only issue is a minor formatting change in the first inclusion criterion where the original '≥' symbol was replaced with a quoted '>=' string, which does not alter the logical content.",,NCT07344922
4,12.0,0.0,0.0,"The extracted inclusion criteria fully capture the original statements with no omissions or hallucinations. The exclusion criteria include every original item; the only deviation is that the multi‑point exclusion (patients unsuitable for follow‑up) was split into three separate entries. This is a minor formatting difference rather than a factual error, so the extraction is essentially correct.",,NCT03221777
5,12.0,0.0,0.0,"All inclusion and exclusion criteria from the raw text are present in the extracted lists with no missing items, no added items, and no alteration of meaning. Formatting of the JSON arrays is correct and does not affect content fidelity.",,NCT02460211
5,8.0,0.0,0.0,"All inclusion and exclusion criteria from the raw text are present, correctly worded, and no extra or missing items were introduced. No logical distortions, hallucinations, or formatting errors were detected.",,NCT01560871
5,9.0,0.0,0.0,"All inclusion and exclusion criteria from the raw text are present, correctly worded, and no extra or missing items are observed. No hallucinations, omissions, or logical distortions are detected, and the formatting conforms to the expected JSON array structure.",,NCT02275234
5,14.0,0.0,0.0,"The extracted inclusion and exclusion criteria exactly match the original text with no omissions, hallucinations, or distortions. All items are present and correctly worded.",,NCT00475709
5,8.0,0.0,0.0,"The extracted inclusion and exclusion lists exactly match the original criteria with no omissions, hallucinations, distortions, or formatting errors.",,NCT03708484
5,14.0,0.0,0.0,"The extracted inclusion and exclusion criteria exactly match the raw eligibility text with no missing items, no added items, and no alterations. Formatting is consistent with the source.",,NCT00808236
5,6.0,0.0,0.0,"The extracted inclusion and exclusion criteria exactly match the original text with no omissions, hallucinations, distortions, or formatting errors.",,NCT01414192
5,26.0,0.0,0.0,"The extracted inclusion and exclusion lists contain all items from the raw eligibility criteria with identical meaning and no extra or missing entries. No logical distortions or hallucinations are present, and formatting is appropriate.",,NCT02658734
5,14.0,0.0,0.0,"All inclusion and exclusion criteria from the raw text are present, correctly worded, and no extra or missing items were identified. Formatting is appropriate.",,NCT02053909
5,3.0,0.0,0.0,"The extracted inclusion and exclusion criteria exactly match the raw eligibility text with no omissions, hallucinations, or logical distortions. Formatting is appropriate.",,NCT02792387
4,26.0,0.0,0.0,"All inclusion and exclusion criteria from the raw text are present and accurately captured. No items are omitted, hallucinated, or logically distorted. The only issue is a minor formatting error (missing closing parenthesis in one inclusion criterion), which warrants a score of 4.",,NCT02231021
4,8.0,0.0,0.0,"All inclusion and exclusion criteria are present and semantically identical to the original text. The only discrepancy is the addition of terminal periods in the extracted inclusion items, which is a minor formatting issue.",,NCT02291484
5,7.0,0.0,0.0,"All inclusion and exclusion criteria from the raw text are present in the extracted lists with no missing items, no added items, and no distortion of meaning. The signed consent criterion, although required for both groups, is correctly represented once as a unique criterion. Formatting of the extracted lists is appropriate.",,NCT04724434
4,15.0,0.0,0.0,"All inclusion and exclusion criteria from the raw text are present in the extracted lists with correct meaning. No items are missing or added. The only issue is minor formatting redundancy: each hospital department is prefixed with the phrase ""The following hospital departments are excluded:"" and the proxy situations repeat the heading, which is a stylistic rather than substantive error.",,NCT03807206
5,3.0,0.0,0.0,"The extracted inclusion and exclusion criteria exactly match the raw eligibility text with no omissions, hallucinations, distortions, or formatting issues.",,NCT01729611
4,37.0,0.0,0.0,"The extracted inclusion and exclusion criteria capture all items from the raw text with correct content. No items are missing (omissions) or added (hallucinations), and there are no logical distortions. The only issue is minor formatting: bullet-point lists and sub‑items are collapsed into single strings, which is a formatting imperfection but does not affect the meaning.",,NCT01437098
4,1.0,0.0,0.0,"The extracted inclusion criterion contains a formatting error ('\bros' instead of the intended '≤'), but the content matches the original. All exclusion criteria are correctly captured with no omissions or hallucinations.",,NCT01965093
5,22.0,0.0,0.0,"The extracted inclusion criterion exactly matches the sole raw inclusion statement. All 22 raw exclusion criteria are present in the extracted list with identical wording; no criteria are missing, added, or altered. There are no formatting errors that affect content fidelity. Therefore the extraction is perfect.",,NCT07374978
2,16.0,1.0,2.0,"Inclusion criteria: two raw criteria (mean PAP ≥25 mmHg with occlusion ≤15 mmHg and PVR ≥3 WU; and the conditional criterion with occlusion 15-20 mmHg and PVR ≥9 WU) are missing or merged into a garbled entry that lacks numeric thresholds, constituting major omission and logical distortion. Five other inclusion items are correctly captured. Exclusion criteria: all items are present, but the interstitial lung disease criterion is missing the ""≥ 60 %"" lung capacity threshold, a minor omission and formatting glitch. No hallucinated criteria were added.",Distortion,NCT03554291
2,14.0,3.0,3.0,"All criteria are present, but three items have incorrect relational operators (≥ changed to >) in both inclusion and exclusion lists, constituting logical distortions. No criteria are omitted or hallucinated, and formatting is acceptable. The distortions lead to three false positives (the incorrect statements) and three false negatives (the correct statements missing).",Distortion,NCT01614860
2,0.0,0.0,25.0,"The extracted inclusion and exclusion lists are empty, failing to capture any of the 8 inclusion criteria and 17 exclusion criteria present in the original text. This represents a major omission with no false positives. No hallucinations or logical distortions are present, but the complete lack of extracted criteria leads to a low score.",Omission,NCT03387813
2,31.0,1.0,0.0,"All exclusion criteria are present and correctly captured. Four of the five inclusion criteria match exactly; however, the age criterion is incorrectly rendered as 'Age > 21 years' instead of the original 'Age ≥ 21 years', representing a logical distortion. No items are omitted or hallucinated, but the distortion lowers the overall score to the 'major logical distortion' level.",Distortion,NCT01985360
5,14.0,0.0,0.0,"All inclusion and exclusion criteria from the raw text are present in the extracted lists with no omissions, hallucinations, or logical distortions. Sub‑criteria for advanced risk of falling and cognitive assessment are correctly incorporated into the combined exclusion item. Formatting is acceptable; therefore the extraction is perfect.",,NCT03646760
3,19.0,0.0,0.0,"The extracted criteria capture all listed items, but the first inclusion criterion omits the detail that the cell release criteria are listed on the certificate of analysis from the Mayo Clinic Human Cell Therapy Lab. This is a minor omission; no extra (hallucinated) criteria or logical distortions are present.",Omission,NCT01883076
4,20.0,0.0,0.0,"All inclusion and exclusion criteria from the raw text are present in the extracted lists with faithful wording. No items are missing, added, or meaningfully altered. Minor formatting inconsistencies (e.g., occasional trailing periods) are the only deviation.",,NCT02973035
5,36.0,0.0,0.0,"All inclusion and exclusion criteria from the raw text are present in the extracted lists with identical meaning. No items are missing, added, or altered, and only trivial punctuation differences exist, which are minor formatting issues. Therefore the extraction is perfect.",,NCT01323335
5,27.0,0.0,0.0,"All inclusion and exclusion criteria from the raw text are present in the extracted lists with exact wording and no extra or missing items. No hallucinations, omissions, or logical distortions detected. Formatting of the extracted arrays is appropriate.",,NCT02939235
4,25.0,0.0,0.0,"All 6 inclusion criteria and all 25 exclusion criteria from the raw text are present in the extracted lists. No items are missing or added. The only issue is a minor formatting error in the hypertension exclusion item, where the inequality sign (≥) is omitted and the phrase is split into two quoted fragments. This does not change the intended meaning substantially, so it is considered a minor formatting issue.",,NCT04448691
5,8.0,0.0,0.0,"All inclusion and exclusion criteria are extracted accurately with no omissions, hallucinations, or distortions. Formatting is acceptable.",,NCT00765713
2,9.0,1.0,1.0,"All inclusion criteria are present, but the extraction adds unnecessary quotation marks around the age and BP thresholds (minor formatting issue). In the exclusion list, six of the seven criteria are correctly captured. The renal function criterion is incorrectly extracted: the original specifies creatinine clearance ≤ 30 ml/min, but the extraction states ≥ 30 ml/min, reversing the inequality and thus constituting a logical distortion. No hallucinated criteria are present. Consequently, there is one false positive (the distorted renal criterion) and one false negative (the correct renal criterion is missing). The major logical distortion warrants a score of 2.",Distortion,NCT02534324
5,6.0,0.0,0.0,"All inclusion and exclusion criteria from the raw text are present, accurately worded, and no extra or missing items are found. No logical distortions or hallucinations are observed, and formatting aligns with the source.",,NCT06464276
4,15.0,0.0,0.0,"All inclusion and exclusion criteria from the raw text are present in the extracted lists. The only deviations are minor formatting differences (use of >=/<= instead of ≥/≤ and an extraneous escaped quote in the last exclusion item). No items are omitted, added, or logically altered.",,NCT01941290
5,4.0,0.0,0.0,"All inclusion and exclusion criteria from the raw text are present, accurate, and there are no extra or missing items. No logical distortions, hallucinations, or formatting problems that affect content are observed.",,NCT04616625
5,10.0,0.0,0.0,"All inclusion and exclusion criteria are accurately extracted with no omissions, hallucinations, or distortions. Formatting is appropriate.",,NCT00933218
2,13.0,0.0,0.0,"All 13 inclusion and exclusion items are present, but three exclusion criteria have missing inequality symbols (≤, ≥, ±) replaced by garbled characters (\b\b\b\b). This alters the intended meaning and constitutes a logical distortion rather than a simple formatting typo. No items are omitted or hallucinated.",Distortion,NCT03802110
5,11.0,0.0,0.0,"The extracted inclusion and exclusion criteria exactly match the raw eligibility text with no missing items, no added items, and no alterations in meaning. Formatting of the JSON arrays is correct.",,NCT03801226
2,6.0,2.0,2.0,"Two criteria (one inclusion, one exclusion) lost the '≥' symbol and introduced a newline and stray 'y', changing the meaning of the FRAIL Scale score requirement and the progressive resistance training frequency. These are logical distortions rather than simple formatting glitches. All other criteria were correctly captured. Hence, there are 6 true positives, 2 false positives (the distorted items), and 2 false negatives (the correct versions of those items).",Distortion,NCT04663685
5,10.0,0.0,0.0,"The extracted inclusion and exclusion criteria exactly match the original list with no omissions, hallucinations, or logical distortions. Formatting is appropriate.",,NCT01500343
5,7.0,0.0,0.0,"All inclusion and exclusion criteria from the raw text are present, accurate, and correctly formatted. No items are missing, added, or altered.",,NCT00195715
4,13.0,0.0,0.0,"All inclusion and exclusion criteria from the raw text are present in the extracted lists. The only deviation is the representation of the less‑than sign in the heart transplant criterion (""< 1 year"" instead of ""\< 1 year""), which is a minor formatting difference and does not affect the meaning.",,NCT00147290
5,9.0,0.0,0.0,"The extracted inclusion and exclusion criteria exactly match the original text with no missing items, no added items, and no alterations. All items are correctly captured, resulting in perfect extraction.",,NCT02815085
5,12.0,0.0,0.0,"All inclusion and exclusion criteria from the raw text are present in the extracted lists with accurate wording and no added or missing items. No logical distortions, hallucinations, or formatting errors that affect content are observed.",,NCT04304508
4,16.0,0.0,0.0,"All inclusion and exclusion criteria from the raw text are present in the extracted lists with correct content. The only deviation is a minor formatting error in the weight specification of the BMI criterion (extra backslash and quotation marks around the inequality symbols). No omissions, hallucinations, or logical distortions were found.",,NCT03891108
5,12.0,0.0,0.0,"All inclusion and exclusion criteria from the original text are present, correctly worded, and no extra or missing items were identified. Formatting is appropriate.",,NCT03472950
4,11.0,0.0,0.0,"All inclusion and exclusion criteria are present and accurate. The only issue is a minor formatting artifact in the second inclusion item (escaped characters), which does not alter the meaning.",,NCT00351390
5,20.0,0.0,0.0,"All inclusion and exclusion criteria from the raw text are present in the extracted lists with no missing items, no added items, and no alteration of meaning. The splitting of sub‑bullet points into separate entries is a minor formatting variation but does not affect the fidelity of the extraction.",,NCT02390674
5,7.0,0.0,0.0,"The extracted inclusion and exclusion criteria exactly match the original text with no omissions, hallucinations, logical distortions, or formatting problems.",,NCT03898050
5,15.0,0.0,0.0,"All inclusion and exclusion criteria from the raw text are present in the extracted lists with correct wording. No items are missing, added, or altered. The only minor difference is the trailing dash after 'Informed consent' in the raw text, which does not affect the substantive content.",,NCT00214513
4,7.0,0.0,0.0,"All inclusion and exclusion items are present and accurate. The only issue is a formatting typo in the first inclusion criterion ('\bros' instead of '≤'), which does not change the meaning. No omissions, hallucinations, or logical distortions are detected.",,NCT05761041
4,18.0,0.0,0.0,"All inclusion and exclusion criteria from the original text are present and correctly captured. The only deviation is the removal of escape backslashes before the '<' symbols, which is a minor formatting difference and does not affect the meaning.",,NCT03960801
5,4.0,0.0,0.0,"The extracted inclusion and exclusion criteria exactly match the raw eligibility text with no omissions, hallucinations, distortions, or formatting errors.",,NCT05132465
5,25.0,0.0,0.0,"All inclusion and exclusion criteria from the raw text are present, accurately worded, and no extra or missing items were found. No logical distortions or formatting problems were detected.",,NCT01586442
5,14.0,0.0,0.0,"The extracted inclusion and exclusion lists contain all items from the original eligibility criteria with identical meaning and no added or missing elements. No hallucinations, omissions, or logical distortions are present. Formatting is appropriate for JSON arrays.",,NCT05349786
5,10.0,0.0,0.0,"All inclusion and exclusion criteria from the raw text are present in the extracted lists with identical wording. No items are missing, added, or altered, and the formatting conforms to the expected JSON array of strings.",,NCT03941275
4,18.0,0.0,0.0,"All inclusion and exclusion criteria are present and accurate. The only issue is a minor formatting error in the second inclusion item where extra escaped quotes appear before the '>=' symbols. No criteria are omitted, added, or logically altered.",,NCT00712101
3,12.0,0.0,0.0,"The extracted inclusion and exclusion criteria capture all primary criteria from the raw text. No hallucinated or distorted criteria are present. The only shortcoming is the omission of the Ontario-specific note about outpatient serum creatinine measurements within the unstable kidney function exclusion, which is a minor detail, leading to a minor omission classification.",Omission,NCT07381101
5,13.0,0.0,0.0,"All inclusion and exclusion criteria from the raw text are present, correctly worded, and no extra or missing items were found. Formatting is appropriate.",,NCT01594112
5,12.0,0.0,0.0,"All inclusion and exclusion criteria are extracted accurately with no omissions, hallucinations, or logical distortions. Formatting of the lists is appropriate.",,NCT01331486
2,6.0,1.0,2.0,"All inclusion criteria were captured correctly. In the exclusion list, two raw criteria are missing: (1) age ≤18 years old and (2) history of clinically significant illness (acute MI, sustained ventricular arrhythmia, liver/respiratory/GI disease, malignancy). Additionally, the extracted entry for age is garbled (""age \r\n...""), which does not convey the required condition and counts as a false positive. No hallucinated criteria were added. The omissions and the distorted age entry constitute a major omission/distortion, yielding a score of 2.",Omission,NCT01423266
4,14.0,0.0,0.0,"All inclusion and exclusion items from the raw text are present in the extracted lists with correct meaning. No items are missing (no false negatives) and no extra items are introduced (no false positives). The only issue is minor formatting artifacts (escaped quotes and extra "">"" symbols) in the inclusion criteria, which constitute a minor formatting problem but do not affect the logical content.",,NCT02834377
2,7.0,0.0,1.0,"All three exclusion criteria are extracted exactly. All five inclusion criteria are present, but the age criterion is rendered as 'Age \n 18 years' missing the required '≥' sign and containing an unnecessary newline, which changes its meaning. This is a logical distortion and formatting error. No criteria are omitted or hallucinated beyond this.",Distortion,NCT03247829
2,5.0,2.0,1.0,"The extraction captures most elements but incorrectly splits the combined criterion of ejection fraction ≤0.40 AND systolic blood pressure <80 mmHg into two separate items, creating a logical distortion. The combined condition is missing (false negative) and the two split items are not present in the original text (false positives). No hallucinations or formatting issues are observed.",Distortion,NCT00000531
5,8.0,0.0,0.0,"The extracted inclusion and exclusion criteria exactly match the original text with no omissions, hallucinations, logical distortions, or formatting issues.",,NCT02707744
5,14.0,0.0,0.0,"The extracted inclusion and exclusion criteria exactly match the raw eligibility text with no omissions, hallucinations, or logical distortions. Formatting is consistent and accurate.",,NCT01260402
5,13.0,0.0,0.0,"All inclusion and exclusion criteria from the raw text are present in the extracted lists with exact wording and no extra or missing items. No logical distortions or hallucinations are observed, and formatting is appropriate.",,NCT02315001
5,16.0,0.0,0.0,"The extracted inclusion and exclusion criteria exactly match the raw eligibility criteria with no omissions, hallucinations, or logical distortions. All items are present and correctly worded; formatting is appropriate for JSON arrays.",,NCT01850264
5,8.0,0.0,0.0,"The extracted inclusion and exclusion criteria exactly match the original text with no omissions, hallucinations, logical distortions, or formatting problems.",,NCT04152031
5,9.0,0.0,0.0,"All inclusion and exclusion criteria from the raw text are present, correctly worded, and no extra or missing items were identified. No formatting errors or logical distortions were observed.",,NCT05310877
4,10.0,0.0,0.0,"All inclusion and exclusion criteria from the raw text are present in the extracted lists. No criteria are omitted, hallucinated, or logically distorted. Minor formatting issues such as missing spaces after commas and splitting the final exclusion bullet into two separate items are observed, but they do not affect the fidelity of the extraction.",,NCT03394092
2,26.0,0.0,0.0,"All raw criteria are represented, but there are logical distortions and formatting errors. The age inclusion criterion is extracted as ""Age\""><\"" 50 years"" instead of the required ""Age ≥ 50 years"", reversing the inequality and using malformed symbols. In the exclusion list, the valvular disease thresholds are changed from ≥ 3+ MR and ≥ 2+ TR to > 3+ MR and > 2+ TR, altering the intended cut‑offs. These constitute logical distortions. No criteria are missing or added, so false positives and false negatives are zero, but the distortions lower the score to the 'major logical distortion' level.",Distortion,NCT05672134
5,7.0,0.0,0.0,"The extracted inclusion and exclusion criteria faithfully capture all elements of the original text without omissions, hallucinations, or distortions. All original criteria are present, correctly phrased, and no extra criteria were introduced.",,NCT04538495
4,27.0,0.0,0.0,"All original inclusion and exclusion items are present and correctly captured. Minor formatting inconsistencies exist (e.g., line breaks in the myocardial infarction definition, missing degree symbol in the tortuosity criterion, escaped tab character, slight typographical errors), but no content omissions, hallucinations, or logical distortions.",,NCT01008085
2,25.0,1.0,1.0,"All 22 exclusion criteria are correctly extracted. The inclusion list contains all four items, but the second criterion is distorted: the original ""≤40%"" is rendered as ""\b40%"" (missing the less‑or‑equal sign and containing an erroneous escape sequence). Additionally, ""NYHA"" is mistyped as ""NYYA"", a minor formatting error. No items are omitted or hallucinated, but the logical distortion of the ejection‑fraction threshold warrants a major‑error rating.",Distortion,NCT03550872
2,20.0,0.0,1.0,"The exclusion criteria are extracted completely and accurately. In the inclusion criteria, the first device criterion is truncated and omits essential details (EF ≤35%, NYHA III, LVEDD ≥55 mm, QRS ≥120 ms, optimized therapy), representing a major omission. A minor omission of the term ""ß‑blockers"" is also present, but the primary error is the missing CRT‑indication specifics, which is a major omission. No hallucinated or distorted criteria were found, and formatting is acceptable.",Omission,NCT00769457
4,13.0,0.0,0.0,"All inclusion and exclusion criteria from the raw text are present in the extracted lists. No criteria are missing or added erroneously. The only issue is a minor formatting error (e.g., ""21 to 5 0 years of age"" contains an extra space). Therefore the extraction is essentially correct with a small formatting imperfection.",,NCT01531231
5,11.0,0.0,0.0,"All inclusion and exclusion criteria from the raw text are present, correctly worded, and no extra or missing items were introduced. Formatting is appropriate.",,NCT05551429
5,5.0,0.0,0.0,"The extracted inclusion and exclusion criteria exactly match the original text with no omissions, hallucinations, or logical distortions. Formatting is correct and all items are captured.",,NCT04772807
2,26.0,1.0,1.0,"One inclusion criterion is distorted: the original 'Aortic valve area ≤1,2 cm2' lost the ≤ sign and introduced a newline, altering the meaning. All other criteria are present, but the newline formatting in the atrioventricular block item is a minor formatting issue. No hallucinated criteria were added.",Distortion,NCT02076711
5,7.0,0.0,0.0,"The extracted inclusion criterion exactly matches the sole inclusion statement in the raw text. All exclusion conditions present in the raw text are captured, correctly split into individual items without adding any non‑existent criteria or altering meanings. No omissions, hallucinations, or logical distortions are observed.",,NCT03051529
5,23.0,0.0,0.0,All inclusion and exclusion criteria from the raw text are present in the extracted lists with accurate wording and no extra or missing items. No logical distortions or hallucinations are observed; formatting is acceptable.,,NCT03057977
5,8.0,0.0,0.0,"All inclusion and exclusion criteria are extracted exactly as in the raw text with no omissions, hallucinations, logical distortions, or formatting errors.",,NCT04304430
2,8.0,0.0,12.0,"The extracted criteria only cover the Healthy Controls group. All inclusion and exclusion items for the HFpEF Subjects (5 inclusion and 7 exclusion criteria) are missing, resulting in major omissions. No extra (hallucinated) criteria are present and the extracted items are accurate, so there are no false positives. The primary issue is omission of a substantial portion of the original eligibility criteria.",Omission,NCT02524145
5,7.0,0.0,0.0,"The extracted inclusion and exclusion criteria exactly match the raw eligibility text with no omissions, hallucinations, logical distortions, or formatting problems.",,NCT05428995
5,9.0,0.0,0.0,"All inclusion and exclusion criteria are extracted exactly as in the raw text with no omissions, hallucinations, or logical distortions. Formatting is correct.",,NCT00380757
4,11.0,0.0,0.0,"All inclusion and exclusion criteria from the raw text are present in the extracted lists. The only issue is a minor formatting artifact in the fourth inclusion criterion (newline escape and missing ≥ sign), which does not affect the meaning. No omissions, hallucinations, or logical distortions were found.",,NCT06312501
5,7.0,0.0,0.0,"All inclusion and exclusion criteria from the original text are present, correctly worded, and no extra or missing items were introduced. No logical distortions or formatting errors were observed.",,NCT01362465
4,9.0,0.0,0.0,"All inclusion and exclusion criteria from the original text are present in the extracted lists. No criteria are missing, added, or altered in meaning. The only issue is a minor formatting artifact in the third inclusion criterion (extra escaped quotation marks around "">=130 mm Hg."") which does not affect the content but constitutes a small formatting error.",,NCT03923530
4,8.0,0.0,0.0,"All original inclusion and exclusion criteria are present in the extracted lists. No criteria are missing (no false negatives) and no extra criteria are introduced (no false positives). The only issue is a minor formatting distortion in the first inclusion item where the inequality symbols are represented as escaped strings (\"">=0.2 mV"") instead of the original ""≥0.2 mV"". This is a minor formatting problem, not a substantive omission or logical distortion.",,NCT02313961
5,10.0,0.0,0.0,"All inclusion and exclusion criteria from the raw text are present, accurately worded, and no extra or missing items were introduced. No logical distortions, hallucinations, or formatting problems were detected.",,NCT02184442
2,12.0,0.0,6.0,"All raw exclusion concepts are present, but several distinct criteria were merged into single extracted items (e.g., 'Unwilling to be randomized' and 'Unavailable for the study period' combined, transplant and surgery criteria combined, recent event sub‑criteria combined, and history of psychiatric conditions combined). This results in logical distortion and omission of separate entries, though no hallucinated criteria are introduced. Inclusion criteria are perfectly extracted.",Distortion,NCT03288194
5,6.0,0.0,0.0,"All inclusion and exclusion criteria from the raw text are present in the extracted lists with exact wording and no extra or missing items. No hallucinations, distortions, or formatting problems are observed.",,NCT04123275
5,24.0,0.0,0.0,"The extracted inclusion and exclusion criteria exactly match the raw eligibility text. All items are present, correctly worded, and no extra or missing criteria are observed. No logical distortions or formatting errors affect the content.",,NCT03744975
5,12.0,0.0,0.0,"All inclusion and exclusion criteria from the raw text are present in the extracted lists with exact wording and no extra items. No omissions, hallucinations, or logical distortions are observed. Formatting of the JSON arrays is correct.",,NCT03043261
4,9.0,0.0,0.0,"All inclusion and exclusion criteria from the original text are present in the extracted lists. No criteria are missing (no omissions), no extra criteria are added (no hallucinations), and the meaning of each criterion is preserved (no distortions). The only issue is a minor formatting inconsistency in the second exclusion item where the inequality sign is represented as ""\"">= 0.04 ng/mL"" instead of the original ""≥ 0.04 ng/mL"". This is a minor formatting issue, not affecting the factual content.",,NCT02313441
5,15.0,0.0,0.0,"All inclusion and exclusion criteria from the raw text are present in the extracted lists with identical wording and no extra or missing items. No logical distortions, hallucinations, or formatting problems are observed.",,NCT03518645
5,9.0,0.0,0.0,"All inclusion and exclusion criteria from the raw text are present, accurately worded, and no extra or missing items are observed. No logical distortions or formatting errors are detected.",,NCT01674803
5,7.0,0.0,0.0,"All inclusion and exclusion criteria from the original text are present, correctly worded, and no extra or missing items were found. No formatting or logical issues detected.",,NCT03515083
4,4.0,0.0,0.0,"The extracted criteria capture all content from the raw eligibility text without omissions or distortions. The only issue is a minor formatting deviation: the two separate inclusion items (A and B) are combined into a single string, but the meaning remains intact.",,NCT01507831
5,4.0,0.0,0.0,"The extracted inclusion and exclusion criteria exactly match the original text. All four inclusion bullet points and the single exclusion statement are present with no missing information, no added content, and no logical distortion. Formatting differences are minimal and do not affect content fidelity.",,NCT03643601
5,11.0,0.0,0.0,"All inclusion and exclusion/non‑inclusion criteria from the raw text are present in the extracted lists with exact wording. No items are missing, added, or altered. The only minor observation is that the non‑inclusion criteria were merged into the exclusion list, but this does not affect the correctness of the extracted content.",,NCT04788342
5,17.0,0.0,0.0,"All inclusion and exclusion criteria from the original text are present, accurately worded, and no extra or missing items were found. No hallucinations or logical distortions detected.",,NCT01216670
5,17.0,0.0,0.0,"All inclusion and exclusion criteria from the raw text are present in the extracted lists with accurate wording and no added or missing items. No hallucinations, omissions, or logical distortions were detected. Minor formatting nuances (e.g., punctuation) do not affect content fidelity.",,NCT05975905
5,16.0,0.0,0.0,"The extracted inclusion and exclusion criteria exactly match the original text with no omissions, hallucinations, distortions, or formatting errors. All 5 inclusion items and all 11 exclusion items are present and correctly worded.",,NCT00384722
5,14.0,0.0,0.0,"All inclusion and exclusion criteria are extracted exactly as in the original text with no omissions, hallucinations, or logical distortions. Formatting is appropriate.",,NCT05651529
2,3.0,1.0,2.0,"Inclusion criteria are perfectly extracted. For exclusion criteria, three items (Type 1 diabetes, Kidney cancer, Kidney transplantation) match exactly (TP). The extracted item ""Kidney failure -- Maintenance dialysis on or before the index date"" merges two distinct raw criteria (Kidney failure and Maintenance dialysis) into one, which is a logical distortion and does not count as a correct separate extraction (FP). Consequently, the raw criteria ""Kidney failure"" and ""Maintenance dialysis on or before the index date"" are missing as separate entries (FN). This represents a major omission/distortion, warranting a score of 2.",Distortion,NCT05526157
4,17.0,0.0,0.0,"All inclusion and exclusion criteria from the original text are present; no items are missing or invented. The only issues are minor formatting errors: the ST segment elevation criterion lost the ≥ sign and contains an extraneous quote/period, and the Rentrop score criterion similarly lost the ≥ sign and includes an erroneous quote. These are formatting problems, not logical distortions or omissions.",,NCT03155022
5,4.0,0.0,0.0,"All inclusion and exclusion items are present, correctly worded, and no extra or missing items. No formatting errors, omissions, hallucinations, or logical distortions detected.",,NCT01804439
4,4.0,0.0,0.0,The extracted criteria capture all original inclusion and exclusion items accurately. The only issue is minor formatting: the first inclusion criterion collapses the three sub‑items into a single comma‑separated string instead of preserving the bullet list structure.,,NCT03661801
5,9.0,0.0,0.0,"The extracted inclusion and exclusion criteria exactly match the raw eligibility text with no omissions, hallucinations, logical distortions, or formatting errors.",,NCT03775551
5,5.0,0.0,0.0,"The extracted inclusion and exclusion criteria exactly match the original text with no omissions, hallucinations, distortions, or formatting errors.",,NCT02089945
2,11.0,2.0,1.0,"The exclusion criteria are extracted faithfully with no omissions or distortions. However, the inclusion criteria contain a major error: the key criterion about heart failure with reduced ejection fraction (≤45% and guideline‑based treatment) is split into two truncated fragments, losing the ""≤"" sign and the unified meaning. This creates two false‑positive items and omits the original combined criterion, constituting a logical distortion and omission. All other inclusion items are correctly captured.",Distortion,NCT06399354
4,11.0,0.0,0.0,"The extracted criteria capture all original items. The only issue is the first inclusion criterion where the age symbol '≥' was rendered as '\nor =18', introducing a minor logical distortion and formatting error. No items are omitted or hallucinated.",Distortion,NCT01737866
5,28.0,0.0,0.0,"All inclusion and exclusion criteria from the original text are present in the extracted lists with no missing items, no added (hallucinated) items, and no alteration of meaning. Sub‑criteria are correctly split into separate entries. Only minor formatting differences (line breaks, Unicode symbols) are observed, which do not affect content.",,NCT05767346
5,19.0,0.0,0.0,"All inclusion and exclusion criteria from the raw text are present in the extracted lists with no missing items, no added items, and no alteration of meaning. Minor punctuation differences do not affect content fidelity.",,NCT03529903
5,6.0,0.0,0.0,"All inclusion and exclusion criteria from the raw text are present, correctly worded, and no extra or missing items are observed. No logical distortions or hallucinations detected. Formatting is appropriate for extracted lists.",,NCT04117659
5,7.0,0.0,0.0,"All inclusion and exclusion criteria from the raw text are present, accurately worded, and no extra or missing items are detected. Headings (Prospective Cohort, Retrospective validation cohort) are not criteria and their omission is appropriate. No hallucinations, distortions, or formatting problems are observed.",,NCT01090362
2,4.0,1.0,0.0,"The extracted inclusion list contains a logical distortion: the BMI criterion is incorrectly rendered as "">=18 and >= 35kg/m2"" instead of the correct "">=18 and <=35kg/m2"". This is a major logical error. The systolic blood pressure inclusion criterion and all three exclusion criteria are correctly extracted. Therefore there is one false positive (the distorted BMI entry) and no false negatives. The major distortion warrants a score of 2.",Distortion,NCT03634969
5,4.0,0.0,0.0,"The extracted inclusion and exclusion criteria exactly match the original text in content. No items are omitted, added, or altered. Minor formatting differences (removal of escape backslashes) do not affect meaning.",,NCT02789449
5,4.0,0.0,0.0,"All inclusion criteria are captured exactly as in the raw text, with no omissions, hallucinations, or distortions. No exclusion criteria exist in the source and the extracted list is empty, matching the source. Formatting is appropriate for the required JSON output.",,NCT02420808
4,4.0,0.0,0.0,"All original inclusion and exclusion items are present in the extracted lists. The only issue is a minor typographical error ('non-Mandina' instead of 'non-Mandarin'), which is a formatting problem, not a logical omission or distortion.",,NCT00564616
5,21.0,0.0,0.0,"The extracted inclusion criteria exactly match the four raw inclusion items. All 17 raw exclusion items are present in the extracted list, with no missing or extra entries. The split of the low cardiac output criterion mirrors the raw formatting, so there is no logical distortion. Minor punctuation differences are negligible, resulting in a perfect extraction.",,NCT00559338
5,8.0,0.0,0.0,"All inclusion and exclusion criteria are extracted exactly as in the original text with no omissions, hallucinations, or distortions. Formatting is correct.",,NCT04153435
5,2.0,0.0,0.0,"The extracted inclusion criteria exactly match the two items listed in the raw eligibility text, and the exclusion criteria correctly reflects the absence of any exclusions. No omissions, hallucinations, or logical distortions are present.",,NCT06415071
5,0.0,0.0,0.0,"The original text states there are no eligibility criteria. The extracted inclusion and exclusion lists are both empty, accurately reflecting the source with no omissions, hallucinations, or distortions.",,NCT00005455
4,7.0,0.0,0.0,"All inclusion and exclusion criteria are present; however, the first inclusion item contains a formatting error ('\b\b' instead of the greater‑than-or‑equal symbol '≥'), which is a minor distortion but not an omission or hallucination.",Distortion,NCT04255108
5,6.0,0.0,0.0,"All inclusion and exclusion criteria from the raw text are present, correctly worded, and no extra or missing items are introduced. No logical distortions or formatting errors detected.",,NCT02067455
4,18.0,0.0,0.0,"All inclusion and exclusion criteria from the raw text are present in the extracted lists with correct meaning. The only issues are minor formatting artifacts (extra quotation marks before comparison operators) which do not alter the content. No omissions, hallucinations, or logical distortions were found.",,NCT00494715
2,3.0,2.0,1.0,"The exclusion criteria are extracted correctly. For inclusion, the heart‑failure criterion is captured accurately (TP). However, the control‑group criterion is split into two fragments, losing the ≥ sign and creating an incomplete entry and an orphan ""50 %"" fragment. This results in a major omission (missing ≥ 50 %) and a formatting distortion, yielding two false positives and one false negative. Consequently the overall extraction quality is rated as a 2.",Omission,NCT03157115
5,16.0,0.0,0.0,"All inclusion and exclusion criteria from the raw text are present in the extracted lists with no missing items, no added items, and no alteration of meaning. The wording matches the original statements, and the formatting (list of strings) is appropriate. Therefore the extraction is perfect.",,NCT00513825
2,10.0,1.0,0.0,"The exclusion criteria are extracted perfectly with no omissions or distortions. In the inclusion criteria, the first and third items are correctly captured, but the second item is malformed: the string ""Age \"" , \"" 18 years and mentally capable to give an informed consent"" is missing the ≥ symbol and contains stray quotation marks, resulting in a logical distortion of the original criterion. This constitutes a major distortion rather than a simple formatting slip.",Distortion,NCT01066650
2,27.0,0.0,0.0,"All original inclusion and exclusion items are present, so no omissions or hallucinations. However, three criteria contain incorrect logical operators: LVEF ""≤ 45%"" was rendered as ""\ne 45%"", LVESVI bounds were lost and shown as ""\ne 120 cc/ m"" instead of ""≤ 120 cc/m²"", and CRT placement ""≤ 60 days"" became ""\ne 60 days"". Additionally, the LVESVI entry has formatting artifacts (newline characters). These logical distortions constitute a major error, yielding a score of 2.",Distortion,NCT01568164
5,5.0,0.0,0.0,"The extracted inclusion criteria exactly match the three items listed in the raw eligibility text (clinical history of AVNRT referred for ablation, willingness to provide consent, and EPS-documented AVNRT). The extracted exclusion criteria exactly match the two items listed (pre-existing AV block and known cryoglobulinemia). No items are missing, added, or altered, and formatting is consistent with the source.",,NCT00621621
4,14.0,0.0,0.0,"All 14 raw criteria (5 inclusion, 9 exclusion) are present in the extracted lists with correct meaning. The only deviation is a minor formatting inconsistency in the age criterion ('>/= 75' instead of '>= 75') and the use of Unicode symbols, which does not alter the clinical content.",,NCT03031847
5,10.0,0.0,0.0,"The extracted inclusion criterion fully captures the HFpEF definition and required comorbidities without omission or alteration. All nine exclusion criteria are present and exactly match the original text. No extra or missing items, no logical distortions, and formatting is acceptable.",,NCT03327649
5,3.0,0.0,0.0,"All inclusion and exclusion criteria are accurately extracted with no omissions, hallucinations, or distortions. Formatting matches expected structure.",,NCT01428934
5,2.0,0.0,0.0,"Both inclusion and exclusion criteria are extracted exactly as in the original text with correct content and formatting. No omissions, hallucinations, or distortions are present.",,NCT02549664
4,36.0,0.0,0.0,"All inclusion and exclusion criteria from the raw text are present in the extracted lists with correct content. Minor formatting inconsistencies such as an extra leading quote in the age criterion, a newline character in the HeartWare VAS entry, and an extra space before a period in the mechanical heart valve criterion do not affect the factual accuracy. No items are omitted, added, or distorted.",,NCT01166347
2,6.0,0.0,2.0,"The exclusion criteria are extracted perfectly. For inclusion, only two items are correctly captured: 'HIV-infected' and the elite‑controller clause. The age requirement (≥18 years) and the cART requirement (≥6 months with HIV‑RNA <200 copies/mL) are fragmented, missing the inequality symbols, and thus do not faithfully represent the original criteria. These constitute major omissions, leading to a score of 2.",Omission,NCT03994835
5,4.0,0.0,0.0,"The extracted inclusion and exclusion criteria exactly match the original text with no omissions, hallucinations, distortions, or formatting problems.",,NCT02070315
5,7.0,0.0,0.0,"The extracted inclusion and exclusion criteria exactly match the original text. No items are omitted, added, or altered, and formatting is appropriate. Therefore the extraction is perfect.",,NCT06312436
5,8.0,0.0,0.0,"All inclusion and exclusion criteria are captured exactly as in the raw text with no omissions, hallucinations, distortions, or formatting problems.",,NCT01109134
2,23.0,0.0,0.0,"All 23 raw inclusion and exclusion criteria are represented in the extracted lists, so there are no omissions or hallucinated items. However, two criteria contain logical distortions due to missing symbols: the weight requirement omits the '≥' sign (""Weight ≥50 kg"" becomes ""Weight 50 kg""), and the alcohol‑unit definition omits the fraction '½' (""½ pint"" becomes ""pint""). These omissions alter the intended meaning and constitute logical distortions, lowering the score to 2.",Distortion,NCT03888716
5,13.0,0.0,0.0,"All inclusion and exclusion criteria from the raw text are present, accurately worded, and no extra or missing items were identified. No formatting or logical issues detected.",,NCT01165047
4,31.0,0.0,0.0,"All inclusion and exclusion criteria from the raw text are present and accurate. No items are missing, added, or meaningfully altered. The only issue is a minor formatting artifact (a newline character) in one inclusion entry, which does not affect the content.",,NCT00175058
5,17.0,0.0,0.0,"All inclusion and exclusion criteria from the raw text are present in the extracted lists with exact wording and no extra or missing items. No logical distortions, hallucinations, or formatting problems are observed.",,NCT01110915
5,13.0,0.0,0.0,"The extracted inclusion and exclusion lists contain all original criteria with no missing items, no added items, and no alteration of meaning. Formatting is acceptable; escaped symbols for <, >, and >= are appropriate. Therefore the extraction is perfect.",,NCT01620398
5,20.0,0.0,0.0,"The extracted inclusion and exclusion criteria exactly match the original raw eligibility criteria. All items are present, correctly worded, and no extra or missing criteria are observed. Formatting is appropriate for JSON arrays.",,NCT02892916
5,18.0,0.0,0.0,"All inclusion and exclusion criteria from the raw text are present in the extracted lists with exact wording and no extra or missing items. No hallucinations, omissions, or logical distortions are detected, and the formatting conforms to the required JSON array structure.",,NCT02700958
3,17.0,0.0,4.0,"The extracted lists capture all primary inclusion and exclusion bullet points, but several sub‑criteria from the original text are missing. In the inclusion section the extraction omits (1) the requirement to submit the bone marrow aspirate to the Mayo Clinic for central MRD assessment within three business days, (2) the stipulation that UPEP must be a 24‑hour collection with no substitute, (3) the need for monthly urine monitoring if baseline urine M‑spike ≥200 mg/24 h, and (4) the requirement to follow both serum and urine M‑components when both are present. No hallucinated criteria were introduced, and formatting is acceptable. These constitute minor omissions, leading to a score of 3.",Omission,NCT03941860
4,19.0,0.0,0.0,"The extracted inclusion and exclusion criteria are faithful to the original eligibility criteria text, with no omissions or logical distortions. However, there are minor formatting issues, such as the use of Unicode characters instead of plain text for mathematical symbols (e.g., ≥ instead of ≥).",,NCT02157506
2,23.0,0.0,5.0,"The extracted inclusion and exclusion criteria are mostly accurate, but there are some minor omissions and formatting issues. For example, the inclusion criteria 'Bilirubin <= 1.5 mg/dL' is incorrectly extracted as 'Bilirubin >= 1.5 mg/dL'. Similarly, 'AST, ALT, and AP <= 2.5 times upper limit of normal' is incorrectly extracted as 'AST, ALT, and AP >= 2.5 times upper limit of normal'. Also, 'Serum creatinine <= 1.5 mg/dL' is incorrectly extracted as 'Serum creatinine >= 1.5 mg/dL'. The exclusion criteria 'Prior systemic chemotherapy for this cancer' is correctly extracted, but 'No prior systemic chemotherapy for a different cancer' is not mentioned in the extracted inclusion criteria. Other missing criteria include 'No other prior invasive malignancy, except for nonmelanomatous skin cancer, unless disease-free for >= 3 years' is partially extracted, 'No active cardiac disease' is partially extracted, and 'No concurrent medical illnesses that would impair patient tolerance to therapy or limit survival' is correctly extracted.",Omission,NCT00851877
4,8.0,0.0,0.0,"The extracted inclusion and exclusion criteria match the original eligibility criteria text. However, there is a minor formatting issue in the extracted inclusion criteria, where the last criterion has excessive newline characters.",,NCT01104558
4,45.0,0.0,2.0,"The extracted inclusion and exclusion criteria are largely faithful to the original text, but there are minor formatting issues and a couple of minor omissions. For example, the original text mentions that 'safety and efficacy of the combination of dabrafenib and trametinib in pediatric populations have not been investigated' which is not explicitly mentioned in the extracted criteria. Additionally, some of the extracted criteria have slightly different wording or formatting compared to the original text.",Omission,NCT02281760
3,14.0,0.0,1.0,"The extracted inclusion and exclusion criteria are mostly faithful to the original text, but there is a minor omission in the inclusion criteria. The original text states 'Having a BMI less than or equal to 40 kg/m2 and who have measurable arterial thickening (>=1.2mm) at screening as assessed by ultrasound' as a single criterion, but the extracted criteria separate these into two distinct criteria. Additionally, the original text lists the characteristics (Type 2 diabetes, Non-diabetic subjects post MI or post percutaneous coronary intervention, etc.) as a single criterion with multiple sub-points, but the extracted criteria separate these into distinct criteria.",Omission,NCT02481466
