nct_id,official_title,eligibility_criteria,inclusion_criteria,exclusion_criteria
NCT06423625,Developing a Prediction Score Model for Predicting the Likelihood of Hemorrhagic MI Before Percutaneous Coronary Reperfusion Therapy,"Inclusion Criteria:

* Age \> 18 yrs
* Index MI
* Primary PCI

Exclusion Criteria:

* History of prior myocardial infarction,
* Thrombolysis before PCI
* Contraindication to Cardiac MRI","[""Age > 18 yrs"", ""Index MI"", ""Primary PCI""]","[""History of prior myocardial infarction"", ""Thrombolysis before PCI"", ""Contraindication to Cardiac MRI""]"
NCT00090259,"A Multi-center, Double-Blind, Randomized, Parallel Group Study to Evaluate the Effects of Two Different Doses of Losartan on Morbidity and Mortality in Patients With Symptomatic Heart Failure Intolerant of ACE Inhibitor Treatment","Inclusion Criteria:

* Symptomatic heart failure with known or recently diagnosed intolerance of treatment with first-line medication for heart failure
* May or may not be receiving an alternative and/or additional drug treatment","[""Symptomatic heart failure with known or recently diagnosed intolerance of treatment with first-line medication for heart failure"", ""May or may not be receiving an alternative and/or additional drug treatment""]",[]
NCT05625269,The Effect of Education and Follow-up Program in Patients Undergoing Transcatheter Aortic Valve Implantation,"Inclusion Criteria:

* Transcatheter aortic valve implantation will be performed
* New York Health Association class II or III
* Mini-Mental Assessment test score ≥ 24
* Reachable by phone
* Volunteer to participate in the research
* Patients who can understand and speak Turkish

Exclusion Criteria:

* Stroke before and after the procedure
* Patients with kidney failure (to a level that requires dialysis treatment)
* Cancer (chemotherapy, radiotherapy)
* Chronic obstructive pulmonary disease (at a level that will require ventilation support)
* Severe hearing impairment","[""Transcatheter aortic valve implantation will be performed"", ""New York Health Association class II or III"", ""Mini-Mental Assessment test score \"",\"">= 24"", ""Reachable by phone"", ""Volunteer to participate in the research"", ""Patients who can understand and speak Turkish""]","[""Stroke before and after the procedure"", ""Patients with kidney failure (to a level that requires dialysis treatment)"", ""Cancer (chemotherapy, radiotherapy)"", ""Chronic obstructive pulmonary disease (at a level that will require ventilation support)"", ""Severe hearing impairment""]"
NCT02394470,BioImpedentiometry and Lung UltraSound Examination to MOnitor cONgestion in Heart Failure,"Inclusion Criteria:

* Signed informed consent

Group-specific inclusion criteria:

1. Group 1 (Acute Heart Failure - AHF), patient admitted to the hospital for acute heart failure (de-novo or exacerbation of chronic heart failure), who have at least two of the following congestion criteria:

   * weight gain ≥ 2 kg over the three days prior to hospitalization
   * physical findings or radiographic signs of pulmonary congestion (crackles, semi-orthopnea)
   * Hepatomegaly \> 2 cm from the arch rib or ascites
   * jugular turgor or central venous pressure \> 10 cm H20
   * Ankle swelling
2. Group 2 (Chronic Heart Failure - CHF): outpatients with chronic heart failure (CHF) with characters of clinical stability

   * No hospitalization in the previous six months
   * Symptoms stable for at least 4 weeks
   * Oral therapy stable for at least 4 weeks
   * No involuntary weight variations greater than 2 kg in the last 4 weeks
   * Absence of signs of congestion
3. Group 3 (advanced Chronic Heart Failure - ad-CHF) Patients on optimal medical therapy for HF and treated with periodic infusions of levosimendan (every 4 weeks) according to the following criteria

   * Systolic dysfunction (LVEF \<35%)
   * NYHA Class IIIb-IV and/or level INTERMACS 4, 5, 6
   * ≥2 admissions or access to the emergency department for acute HF exacerbation in the previous 12 months

Exclusion Criteria:

* Uremia in dialysis treatment
* Invasive mechanical ventilation
* Mechanical circulatory support
* Cardiac cachexia defined as weight loss ≥ 5% in the prior 12 months or body mass index \<20 kg/m2 and hypoalbuminemia (albumin \<3.2 g/dl) or anemia (hemoglobin \<12 g/l)",[],[]
NCT00287209,Reduction of Atrial Fibrillation Study in Patients Undergoing Coronary Artery Bypass Grafting. (RASCABG 1 Study),"Inclusion Criteria:

* enlistment for an elective CABG
* age more than 18 years
* willingness to be randomised
* provision of informed consent

Exclusion Criteria:

* enlistment for other types of heart surgery
* earlier heart surgery
* resting heart rate below 40 bpm.
* AV-blockage of any degree
* preoperative atrial fibrillation or flutter
* former known atrial fibrillation or flutter lasting more than one month
* hepatic dysfunction (ALAT \> twice the upper normal limit)
* hyperthyroidism
* pregnancy
* breastfeeding
* known adverse reactions to amiodarone","[""enlistment for an elective CABG"", ""age more than 18 years"", ""willingness to be randomised"", ""provision of informed consent""]","[""enlistment for other types of heart surgery"", ""earlier heart surgery"", ""resting heart rate below 40 bpm."", ""AV-blockage of any degree"", ""preoperative atrial fibrillation or flutter"", ""former known atrial fibrillation or flutter lasting more than one month"", ""hepatic dysfunction (ALAT > twice the upper normal limit)"", ""hyperthyroidism"", ""pregnancy"", ""breastfeeding"", ""known adverse reactions to amiodarone""]"
NCT00482937,"A Phase I, Single Ascending Dose Trial to Examine the Safety and Pharmacodynamic Effects of CD-NP","Inclusion Criteria:

* Be a healthy male using reliable contraception, a post-menopausal female, or a surgically sterilized female 18 to 60 years of age
* Have a BMI within the range of 18-34 kg/m2
* Be able to communicate effectively with the study personnel
* Have no significant disease or abnormal laboratory values as determined by medical history, physical examination or laboratory evaluations, conducted at the screening visit or on admission to the clinic
* Have a normal 12-lead electrocardiogram, without any clinically significant abnormalities
* Be nonsmokers defined as not having smoked in the past 6 months
* Be adequately informed of the nature and risks of the study and give written informed consent prior to receiving study medication

Exclusion Criteria:

* Known hypersensitivity or allergy to CD-NP or its components, nesiritide, other natriuretic peptides, or related compounds
* Women who are pregnant or breast-feeding
* Any disease or condition (medical or surgical) which, in the opinion of the investigator, might compromise the hematologic, cardiovascular, pulmonary, renal, gastrointestinal, hepatic, or central nervous system; or other conditions that may interfere with the absorption, distribution, metabolism or excretion of study drug, or would place the subject at increased risk
* The presence of abnormal laboratory values which are considered clinically significant.
* Positive screen for Hepatitis B (HbsAg, Hepatitis B Surface Antigen), Hepatitis C (anti HCV, Hepatitis C Antibody), or HIV (anti-HIV 1/2).
* Received an investigational drug within a period of 30 days prior to enrollment in the study.
* Received any drug therapy within 1 week, or 5 half-lives, prior to administration of the first dose of any study-related treatment. This exclusion is extended to 4 weeks for any drugs known to induce or inhibit hepatic drug metabolism. Use of NSAIDs, sulfonamides, probenecid or other drugs known to alter renal or tubular function is specifically prohibited for at least 5 half-lives prior to the first dose of any study related treatment.
* Consumption of alcohol within 48 hours prior to dose administration or during any in-patient period.
* A positive urine drug screen including ethanol, cocaine, THC, barbiturates, amphetamines, benzodiazepines, and opiates.
* A history (within the last 2 years) of alcohol abuse, illicit drug use, significant mental illness, physical dependence to any opioid, or any history of drug abuse or addiction.
* A history of difficulty with donating blood. Donated blood or blood products within 45 days prior to enrollment","[""Be a healthy male using reliable contraception, a post-menopausal female, or a surgically sterilized female 18 to 60 years of age"", ""Have a BMI within the range of 18-34 kg/m2"", ""Be able to communicate effectively with the study personnel"", ""Have no significant disease or abnormal laboratory values as determined by medical history, physical examination or laboratory evaluations, conducted at the screening visit or on admission to the clinic"", ""Have a normal 12-lead electrocardiogram, without any clinically significant abnormalities"", ""Be nonsmokers defined as not having smoked in the past 6 months"", ""Be adequately informed of the nature and risks of the study and give written informed consent prior to receiving study medication""]","[""Known hypersensitivity or allergy to CD-NP or its components, nesiritide, other natriuretic peptides, or related compounds"", ""Women who are pregnant or breast-feeding"", ""Any disease or condition (medical or surgical) which, in the opinion of the investigator, might compromise the hematologic, cardiovascular, pulmonary, renal, gastrointestinal, hepatic, or central nervous system; or other conditions that may interfere with the absorption, distribution, metabolism or excretion of study drug, or would place the subject at increased risk"", ""The presence of abnormal laboratory values which are considered clinically significant."", ""Positive screen for Hepatitis B (HbsAg, Hepatitis B Surface Antigen), Hepatitis C (anti HCV, Hepatitis C Antibody), or HIV (anti-HIV 1/2)."", ""Received an investigational drug within a period of 30 days prior to enrollment in the study."", ""Received any drug therapy within 1 week, or 5 half-lives, prior to administration of the first dose of any study-related treatment. This exclusion is extended to 4 weeks for any drugs known to induce or inhibit hepatic drug metabolism. Use of NSAIDs, sulfonamides, probenecid or other drugs known to alter renal or tubular function is specifically prohibited for at least 5 half-lives prior to the first dose of any study related treatment."", ""Consumption of alcohol within 48 hours prior to dose administration or during any in-patient period."", ""A positive urine drug screen including ethanol, cocaine, THC, barbiturates, amphetamines, benzodiazepines, and opiates."", ""A history (within the last 2 years) of alcohol abuse, illicit drug use, significant mental illness, physical dependence to any opioid, or any history of drug abuse or addiction."", ""A history of difficulty with donating blood. Donated blood or blood products within 45 days prior to enrollment""]"
NCT03772847,Ginkgolide With Intravenous Alteplase Thrombolysis in Acute Ischemic Stroke Neurological Improving Trial,"Inclusion Criteria:

1. Age over 18 years old, clinically diagnosed as acute ischemic stroke;
2. in accordance with the indications for intravenous thrombolysis;
3. The patient or family member signs an informed consent form.

Exclusion Criteria:

1. Patients with transient ischemic attack;
2. Imaging examination of patients with cerebral hemorrhage
3. patients with cerebral arteritis
4. ALT, AST ≥ 3 times the upper limit of normal value, Cr ≥ 1.5 times the upper limit of normal value
5. There is a tendency to bleed, and severe bleeding has occurred within 3 months
6. Patients with ginkgo drugs, alcohol, glycerol allergies or allergies
7. Patients with pregnancy plans, pregnancy and breastfeeding
8. Patients who participated in other drug clinical studies in the past month
9. Patients considered by the investigator to be unfit to participate in the clinical study (eg, mental, abnormal, etc.)","[""Age over 18 years old, clinically diagnosed as acute ischemic stroke"", ""in accordance with the indications for intravenous thrombolysis"", ""The patient or family member signs an informed consent form""]","[""Patients with transient ischemic attack"", ""Imaging examination of patients with cerebral hemorrhage"", ""patients with cerebral arteritis"", ""ALT, AST \b3 times the upper limit of normal value, Cr \b1.5 times the upper limit of normal value"", ""There is a tendency to bleed, and severe bleeding has occurred within 3 months"", ""Patients with ginkgo drugs, alcohol, glycerol allergies or allergies"", ""Patients with pregnancy plans, pregnancy and breastfeeding"", ""Patients who participated in other drug clinical studies in the past month"", ""Patients considered by the investigator to be unfit to participate in the clinical study (eg, mental, abnormal, etc.)""]"
NCT00935740,Tissue Factor Expression in Stage C Heart Failure,"Inclusion Criteria:

* Heart failure subjects with symptomatic heart failure (New York Heart Association \[NYHA\] functional class II to IV) due to either idiopathic dilated cardiomyopathy or ischemic cardiomyopathy and had a left ventricular ejection fraction \< 0.35.","[""Heart failure subjects with symptomatic heart failure (New York Heart Association [NYHA] functional class II to IV) due to either idiopathic dilated cardiomyopathy or ischemic cardiomyopathy and had a left ventricular ejection fraction < 0.35.""]",[]
NCT04616625,Cardiovascular Effects of Prenatal Methamphetamine Exposure,"Inclusion Criteria:

1. Infants born at UCDCH and at AHRO at gestational age \>34 weeks. (\<34 weeks excluded to avoid the effects of prematurity)
2. For the MA exposed subgroup (n=30): Infants born to mothers with prenatal history of MA use during current pregnancy and/or positive meconium toxicology positive for MA in infant.
3. For the MA unexposed subgroup (n=12): Infants born to mothers without prenatal history of MA use during this pregnancy and negative meconium toxicology for MA in infant.

Exclusion Criteria:

a) Presence of congenital anomalies and known fatal conditions.","[""Infants born at UCDCH and at AHRO at gestational age >34 weeks. (<34 weeks excluded to avoid the effects of prematurity)"", ""For the MA exposed subgroup (n=30): Infants born to mothers with prenatal history of MA use during current pregnancy and/or positive meconium toxicology positive for MA in infant."", ""For the MA unexposed subgroup (n=12): Infants born to mothers without prenatal history of MA use during this pregnancy and negative meconium toxicology for MA in infant.""]","[""Presence of congenital anomalies and known fatal conditions.""]"
NCT00616369,Identification of Genetic Markers for Cardiopulmonary Diseases,"Inclusion Criteria:

* Participants with the diagnosis of any of the previously listed Cardiopulmonary Diseases who are ≥15 years of age will be approached and offered the opportunity to participate in this study.","[""Participants with the diagnosis of any of the previously listed Cardiopulmonary Diseases who are \"",\""15 years of age will be approached and offered the opportunity to participate in this study.""]",[]
NCT02597049,"A Randomized, Parallel-Arm, Double-Blind Study of Efficacy and Safety of Dulaglutide When Added to SGLT2 Inhibitors in Patients With Type 2 Diabetes Mellitus","Inclusion Criteria:

* Have type 2 diabetes mellitus (based on the World Health Organization's \[WHO\] diagnostic criteria)
* Have been treated with an SGLT2 inhibitor, with or without metformin, for at least 3 months prior to study entry (minimum required doses for that period for allowed SGLT2 inhibitors: empagliflozin 10 mg, dapagliflozin 5 or 10 mg \[per country-specific label\], canagliflozin 100 mg); minimum required dose for metformin, if used, is ≥1500 mg/day and must be reached (or highest tolerated dose which is acceptable with documented gastrointestinal \[GI\] intolerability)
* Daily doses of all allowed oral antihyperglycemia agent (OAMs) must have been stable for at least 12 weeks (±3 days) prior to randomization (study enrollment); daily doses of SGLT2 inhibitor and metformin, if used, will be considered stable during this period if:

  * all prescribed daily doses were in the range between the minimum required dose and maximum-approved dose per country-specific label; and
  * \>90% of prescribed daily doses were equal to the dose at randomization
* Have HbA1c ≥7.0% and ≤9.5% at study entry and approximately 1 week prior to randomization
* Have body mass index (BMI) ≤45 kilograms per meter squared (kg/m\^2) and agree to not initiate a diet and/or exercise program during the study with the intent of reducing body weight other than the lifestyle and dietary measures for diabetes treatment

Exclusion Criteria:

* Have type 1 diabetes mellitus
* Have been treated with any other OAMs (other than SGLT2 inhibitors and metformin), glucagon-like peptide-1 receptor agonist (GLP-1 RA), pramlintide or insulin 3 months prior to study entry, or between study entry and randomization; or initiate metformin between study entry and randomization; short-term use of insulin for acute care (≤14 days) during the 3-month period prior to entry is not exclusionary
* Have any condition that is a contraindication for use of the GLP-1 RA class or the SGLT2 inhibitor class (per country-specific labels) at study entry or develop such condition between study entry and randomization
* Have acute or chronic hepatitis, signs and symptoms of any other liver disease other than nonalcoholic fatty liver disease (NAFLD), or alanine transaminase (ALT) level \>2.5 times the upper limit of the reference range, as determined by the central laboratory at study entry; participants with NAFLD are eligible for participation in this trial
* Had chronic or acute pancreatitis any time prior to study entry
* Estimated glomerular filtration rate (eGFR) \<45 milliliters(mL)/minute/1.73m\^2, calculated by the Chronic Kidney Disease-Epidemiology (CKD-EPI) equation, as determined by the central laboratory at study entry and confirmed at lead in
* Have any self or family history of type 2A or type 2B multiple endocrine neoplasia (MEN 2A or 2B) in the absence of known C-cell hyperplasia (this exclusion includes participants with a family history of MEN 2A or 2B, whose family history for the syndrome is rearranged during transfect \[RET\]-negative; the only exception for this exclusion will be for participants whose family members with MEN 2A or 2B have a known RET mutation and the potential participant for the study is negative for the RET mutation)
* Have any self or family history of medullary C-cell hyperplasia, focal hyperplasia, carcinoma (including sporadic, familial, or part of MEN 2A or 2B syndrome)
* Have a serum calcitonin ≥20 picograms/mL as determined by the central laboratory at study entry","[""Have type 2 diabetes mellitus (based on the World Health Organization's [WHO] diagnostic criteria)"", ""Have been treated with an SGLT2 inhibitor, with or without metformin, for at least 3 months prior to study entry (minimum required doses for that period for allowed SGLT2 inhibitors: empagliflozin 10 mg, dapagliflozin 5 or 10 mg [per country-specific label], canagliflozin 100 mg); minimum required dose for metformin, if used, is \u22651500 mg/day and must be reached (or highest tolerated dose which is acceptable with documented gastrointestinal [GI] intolerability)"", ""Daily doses of all allowed oral antihyperglycemia agent (OAMs) must have been stable for at least 12 weeks (\u00b13 days) prior to randomization (study enrollment); daily doses of SGLT2 inhibitor and metformin, if used, will be considered stable during this period if: all prescribed daily doses were in the range between the minimum required dose and maximum-approved dose per country-specific label; and >90% of prescribed daily doses were equal to the dose at randomization"", ""Have HbA1c \u22657.0% and \u22649.5% at study entry and approximately 1 week prior to randomization"", ""Have body mass index (BMI) \u226445 kilograms per meter squared (kg/m^2) and agree to not initiate a diet and/or exercise program during the study with the intent of reducing body weight other than the lifestyle and dietary measures for diabetes treatment""]","[""Have type 1 diabetes mellitus"", ""Have been treated with any other OAMs (other than SGLT2 inhibitors and metformin), glucagon-like peptide-1 receptor agonist (GLP-1 RA), pramlintide or insulin 3 months prior to study entry, or between study entry and randomization; or initiate metformin between study entry and randomization; short-term use of insulin for acute care (\u226414 days) during the 3-month period prior to entry is not exclusionary"", ""Have any condition that is a contraindication for use of the GLP-1 RA class or the SGLT2 inhibitor class (per country-specific labels) at study entry or develop such condition between study entry and randomization"", ""Have acute or chronic hepatitis, signs and symptoms of any other liver disease other than nonalcoholic fatty liver disease (NAFLD), or alanine transaminase (ALT) level >2.5 times the upper limit of the reference range, as determined by the central laboratory at study entry; participants with NAFLD are eligible for participation in this trial"", ""Had chronic or acute pancreatitis any time prior to study entry"", ""Estimated glomerular filtration rate (eGFR) <45 milliliters(mL)/minute/1.73m^2, calculated by the Chronic Kidney Disease-Epidemiology (CKD-EPI) equation, as determined by the central laboratory at study entry and confirmed at lead in"", ""Have any self or family history of type 2A or type 2B multiple endocrine neoplasia (MEN 2A or 2B) in the absence of known C-cell hyperplasia (this exclusion includes participants with a family history of MEN 2A or 2B, whose family history for the syndrome is rearranged during transfect [RET]-negative; the only exception for this exclusion will be for participants whose family members with MEN 2A or 2B have a known RET mutation and the potential participant for the study is negative for the RET mutation)"", ""Have any self or family history of medullary C-cell hyperplasia, focal hyperplasia, carcinoma (including sporadic, familial, or part of MEN 2A or 2B syndrome)"", ""Have a serum calcitonin \u226520 picograms/mL as determined by the central laboratory at study entry""]"
NCT02788331,Revisiting the Volume-outcome Relationship in Surgery: Trends Analysis in French Hospitals,"Inclusion Criteria:

All adults hospitalized to have one of the following major surgery: resection of oeso-gastric, intestinal and pancreatic cancer, treatment of intra-abdominal aortic aneurysm, coronary artery bypass graft, endarterectomy, hip fracture prosthesis

Exclusion Criteria:

* Hospitalization \<24 hours
* Absence of surgical procedure
* Ambulatory care
* Palliative care
* Organ transplantation","[""All adults hospitalized to have one of the following major surgery: resection of oeso-gastric, intestinal and pancreatic cancer, treatment of intra-abdominal aortic aneurysm, coronary artery bypass graft, endarterectomy, hip fracture prosthesis""]","[""Hospitalization <24 hours"", ""Absence of surgical procedure"", ""Ambulatory care"", ""Palliative care"", ""Organ transplantation""]"
NCT01673893,ClearWay Rx Readmission Registry,"Inclusion Criteria:

* Acute Coronary Syndrome (ST elevation myocardial infarction or Non ST elevation myocardial infarction) patients requiring the use of the ClearWay™ Rx local therapeutic infusion catheter for intracoronary delivery of GP IIb/IIIa inhibitor.

Exclusion Criteria:

* Patients not meeting the above inclusion criterion","[""Acute Coronary Syndrome (ST elevation myocardial infarction or Non ST elevation myocardial infarction) patients requiring the use of the ClearWay\u2122 Rx local therapeutic infusion catheter for intracoronary delivery of GP IIb/IIIa inhibitor.""]","[""Patients not meeting the above inclusion criterion""]"
NCT04482816,Randomized Study of Physiological vs Right Ventricular Pacing in Patients With Normal Ventricular Function Post-TAVI (PHYS-TAVI Trial),"Inclusion Criteria:

* Successful implantation of TAVI according to VARC-2 criteria.
* Indication of cardiac pacing due to AV block according to ESC Guidelines.
* LVEF\> 50%.
* The patient must indicate their acceptance to participate in the study by signing an informed consent document.

Exclusion Criteria:

* Ventricular dysfunction: LVEF \<50%.
* Transapical TAVI.
* Participating currently in a clinical investigation that includes an active treatment.
* Patients with left bundle branch block but without indication of pacing (AV block).
* Life expectancy \<12 months.","[""Successful implantation of TAVI according to VARC-2 criteria."", ""Indication of cardiac pacing due to AV block according to ESC Guidelines."", ""LVEF> 50%."", ""The patient must indicate their acceptance to participate in the study by signing an informed consent document.""]","[""Ventricular dysfunction: LVEF <50%."", ""Transapical TAVI."", ""Participating currently in a clinical investigation that includes an active treatment."", ""Patients with left bundle branch block but without indication of pacing (AV block)."", ""Life expectancy <12 months.""]"
NCT04014153,The Impact of Comorbidity as a Risk Factor of Acute Kidney Injury (AKI) in Patients With Stable Coronary Artery Disease (CAD),"Inclusion Criteria:

* Informed consent
* Male and female patients 18 y. o. and older
* Verified stable coronary artery disease (CAD)
* Receiving optimal medical treatment and requiring percutaneous coronary intervention (PCI) with iodinated contrast media

Exclusion Criteria:

* Pregnancy, lactation
* Conditions affecting the prognosis (kidney failure, liver failure, oncology)
* Acute coronary syndrome (ACS)
* Stroke
* Contraindications to PCI
* Therapy with nephrotoxic drugs during the enrolment which cannot be stopped
* Refusal to sign the informed consent","[""Informed consent"", ""Male and female patients 18 y. o. and older"", ""Verified stable coronary artery disease (CAD)"", ""Receiving optimal medical treatment and requiring percutaneous coronary intervention (PCI) with iodinated contrast media""]","[""Pregnancy, lactation"", ""Conditions affecting the prognosis (kidney failure, liver failure, oncology)"", ""Acute coronary syndrome (ACS)"", ""Stroke"", ""Contraindications to PCI"", ""Therapy with nephrotoxic drugs during the enrolment which cannot be stopped"", ""Refusal to sign the informed consent""]"
NCT00000531,,"Men \& women with VF, VT with syncope, or VT without syncope, but with ejection fraction less than or equal to .40 \& systolic blood pressure less than 80 mm Hg, chest pain , or near syncope.","[""Men and women"", ""Ventricular Fibrillation (VF)"", ""Ventricular Tachycardia (VT) with syncope"", ""Ventricular Tachycardia (VT) without syncope, but with ejection fraction less than or equal to 0.40"", ""Ventricular Tachycardia (VT) without syncope, but with systolic blood pressure less than 80 mm Hg"", ""Ventricular Tachycardia (VT) without syncope, but with chest pain"", ""Ventricular Tachycardia (VT) without syncope, but with near syncope""]",[]
NCT00825318,"Pilot Trial To Study Blood Pressure, Weight and Hydration State in Patients Undergoing A Treatment Regimen of Daily Ultrafiltration and Twice-weekly Hemodialysis As Compared to Conventional Three Times Per Week Hemodialysis","Inclusion Criteria:

* Age greater than or equal to 18 years and less than or equal to 80 years
* Stable three treatments per week dialysis schedule for at least three months prior to beginning the study
* Residual renal clearance \<1.5ml/min per 35L of urea volume
* Pre-dialysis serum sodium levels of greater than 136 mEq/L

Exclusion Criteria:

* Non-compliance with hemodialysis treatments--defined as missing more than 1 treatment over the 3 month period prior to the study
* Unable to verbally communicate in English or Spanish
* Current requirement for hemodialysis more than three times per week due to medical comorbidity (including fourth session for ultrafiltration)
* Currently on daily or nocturnal hemodialysis, or less than 3 months since discontinued such treatment
* Expected geographic unavailability at dialysis center during any phase of the trial
* Less than 3 months since the patient returned after acute rejection resulting in allograft failure
* Currently in acute care or chronic care hospital
* Pregnancy
* Current involvement in any non-observational trial
* Unable or unwilling to follow the study protocol for any reason (including mental incompetence)
* Unable or unwilling to provide informed consent or sign IRB-approved consent form
* Pace maker, implantable pump, artificial joint
* Amputation of a limb","[""Age greater than or equal to 18 years and less than or equal to 80 years"", ""Stable three treatments per week dialysis schedule for at least three months prior to beginning the study"", ""Residual renal clearance <1.5ml/min per 35L of urea volume"", ""Pre-dialysis serum sodium levels of greater than 136 mEq/L""]","[""Non-compliance with hemodialysis treatments--defined as missing more than 1 treatment over the 3 month period prior to the study"", ""Unable to verbally communicate in English or Spanish"", ""Current requirement for hemodialysis more than three times per week due to medical comorbidity (including fourth session for ultrafiltration)"", ""Currently on daily or nocturnal hemodialysis, or less than 3 months since discontinued such treatment"", ""Expected geographic unavailability at dialysis center during any phase of the trial"", ""Less than 3 months since the patient returned after acute rejection resulting in allograft failure"", ""Currently in acute care or chronic care hospital"", ""Pregnancy"", ""Current involvement in any non-observational trial"", ""Unable or unwilling to follow the study protocol for any reason (including mental incompetence)"", ""Unable or unwilling to provide informed consent or sign IRB-approved consent form"", ""Pace maker, implantable pump, artificial joint"", ""Amputation of a limb""]"
NCT03960801,Assessment of Remifentanil for Rapid Sequence Induction and Intubation in Full Stomach Patient Compared to Muscle Relaxant. A Non-inferiority Simple Blind Randomized Controlled Trial,"Inclusion Criteria:

* \- male or female
* aged from 18 to 80 years old
* surgery requiring general anaesthesia with tracheal with oro-tracheal intubation
* Rapid sequence intubation indication
* aspiration risk defined as : fasting \< 6h00, digestive occlusion, functional ileus, vomiting \< 12h00, orthopaedic trauma \< 12h00, severe gastric reflux, gastroparesis and/or dysautonomia and or gastro-oesophagus surgery
* signed informed consent sheet ; or emergency procedure if impossible

Exclusion Criteria:

* planned impossible intubation
* suspected/known allergy to neuromuscular blockade or remifentanil
* Neuromuscular disease forbidding neuromuscular blockade use
* Prolonged neuromuscular block former episode
* Malignant hyperthermia former episode
* Pre-operative respiratory failure (spO2\< 95%)
* Pre-operative hemodynamic failure (use of vasopressor)
* cardiac arrest
* A woman of childbearing age who has an active pregnancy and/or clinical signs suggestive of an active pregnancy and/or does not have a contraceptive or contraceptive method and has had unprotected sex within 15 days of the last menstrual period.
* Patients under justice protection
* Use of etomidate for anesthetic induction","[""male or female"", ""aged from 18 to 80 years old"", ""surgery requiring general anaesthesia with tracheal with oro-tracheal intubation"", ""Rapid sequence intubation indication"", ""aspiration risk defined as : fasting < 6h00, digestive occlusion, functional ileus, vomiting < 12h00, orthopaedic trauma < 12h00, severe gastric reflux, gastroparesis and/or dysautonomia and or gastro-oesophagus surgery"", ""signed informed consent sheet ; or emergency procedure if impossible""]","[""planned impossible intubation"", ""suspected/known allergy to neuromuscular blockade or remifentanil"", ""Neuromuscular disease forbidding neuromuscular blockade use"", ""Prolonged neuromuscular block former episode"", ""Malignant hyperthermia former episode"", ""Pre-operative respiratory failure (spO2< 95%)"", ""Pre-operative hemodynamic failure (use of vasopressor)"", ""cardiac arrest"", ""A woman of childbearing age who has an active pregnancy and/or clinical signs suggestive of an active pregnancy and/or does not have a contraceptive or contraceptive method and has had unprotected sex within 15 days of the last menstrual period."", ""Patients under justice protection"", ""Use of etomidate for anesthetic induction""]"
NCT02496260,Biomarkers and Cardiac MRI as Early Indicators of Cardiac Exposure,"Inclusion Criteria:

* Patients who will receive RT for left-sided breast cancer and can have a contrast-enhanced MRI are eligible.

Exclusion Criteria:

* Patients who have a contraindication to contrast-enhanced MRI are not eligible.","[""Patients who will receive RT for left-sided breast cancer and can have a contrast-enhanced MRI are eligible.""]","[""Patients who have a contraindication to contrast-enhanced MRI are not eligible.""]"
NCT01117506,A Blood-based Gene Expression Test (Corus CAD or ASGES) for Obstructive Coronary Artery Disease Tested in Symptomatic Nondiabetic Patients Referred for Myocardial Perfusion Imaging.,"Inclusion Criteria:

* Ages 45-90 for women; 35-90 for men.
* Stable chest pain syndrome (typical or atypical) or anginal equivalent in the judgment of the investigator (e.g., pain in the neck, jaw, arm or shoulder or dyspnea possibly due to cardiac ischemia).
* Referred for a stress test using MPI.
* The patient has signed the appropriate Institutional Review Board approved Informed Consent Form.

Exclusion Criteria:

* History of known MI or significant CAD.
* Current MI or acute coronary syndrome.
* Current New York Heart Association (NYHA) class III or IV congestive heart failure symptoms.
* Severe regurgitant or stenotic cardiac valvular lesion.
* Severe left ventricular systolic dysfunction (LVEF ≤ 35 % documented in the last year); if no assessment was performed or documented in the year preceding enrollment, presume normal LVEF.
* Active systemic infection (diagnosed by a combination of clinical symptoms and laboratory testing, including but not limited to fever, leukocytosis, positive blood cultures, pneumonia, urinary tract infection, or abscess in the preceding 2 months) or chronic infection (e.g., HIV, Hepatitis B or C, Tuberculosis).
* Protocol-specified rheumatologic, autoimmune or hematologic conditions (e.g., rheumatoid arthritis, systemic lupus erythematosis, polymyalgia rheumatica, or systemic sarcoidosis).
* Known or suspected diabetes mellitus or documented Hemoglobin A1c (HbA1c) ≥ 6.5; presume normal HbA1c if none documented.
* Total WBC ≥ 11,000 cells/ul and platelet count ≤ 75,000 cells/ul from a CBC with differential drawn within 7 days prior to enrollment \[WBC ≥ 11,000 cells/ul and platelet count ≤ 75,000 cells/ul from a CBC drawn \> 7 days prior need to be re-drawn at enrollment\].
* Recipient of any organ transplant.
* Immunosuppressive or immunomodulatory therapy including any dose of systemic corticosteroids in the preceding 2 months.
* Chemotherapy in the preceding year.
* Major surgery in the preceding 2 months.
* Blood or blood product transfusion in the preceding 2 months.
* Subjects for whom all forms (stress or pharmacologic) of MPI are contraindicated.
* Subjects for whom invasive coronary angiography or coronary CT angiography is contraindicated, including IV beta-blocker.
* Subjects who planned to decline research CCTA or invasive coronary angiography, regardless of MPI result.
* Subjects with history of atrial fibrillation/flutter or frequent irregular or rapid heart rhythms.
* Known history of renal insufficiency (serum creatinine ≥ 2.0 mg/dL), or severe allergy to iodinated contrast.","[""Ages 45-90 for women; 35-90 for men."", ""Stable chest pain syndrome (typical or atypical) or anginal equivalent in the judgment of the investigator (e.g., pain in the neck, jaw, arm or shoulder or dyspnea possibly due to cardiac ischemia)."", ""Referred for a stress test using MPI."", ""The patient has signed the appropriate Institutional Review Board approved Informed Consent Form.""]","[""History of known MI or significant CAD."", ""Current MI or acute coronary syndrome."", ""Current New York Heart Association (NYHA) class III or IV congestive heart failure symptoms."", ""Severe regurgitant or stenotic cardiac valvular lesion."", ""Severe left ventricular systolic dysfunction (LVEF \"" 35 % documented in the last year); if no assessment was performed or documented in the year preceding enrollment, presume normal LVEF."", ""Active systemic infection (diagnosed by a combination of clinical symptoms and laboratory testing, including but not limited to fever, leukocytosis, positive blood cultures, pneumonia, urinary tract infection, or abscess in the preceding 2 months) or chronic infection (e.g., HIV, Hepatitis B or C, Tuberculosis)."", ""Protocol-specified rheumatologic, autoimmune or hematologic conditions (e.g., rheumatoid arthritis, systemic lupus erythematosis, polymyalgia rheumatica, or systemic sarcoidosis)."", ""Known or suspected diabetes mellitus or documented Hemoglobin A1c (HbA1c) \"" 6.5; presume normal HbA1c if none documented."", ""Total WBC \"" 11,000 cells/ul and platelet count \"" 75,000 cells/ul from a CBC with differential drawn within 7 days prior to enrollment [WBC \"" 11,000 cells/ul and platelet count \"" 75,000 cells/ul from a CBC drawn > 7 days prior need to be re-drawn at enrollment]."", ""Recipient of any organ transplant."", ""Immunosuppressive or immunomodulatory therapy including any dose of systemic corticosteroids in the preceding 2 months."", ""Chemotherapy in the preceding year."", ""Major surgery in the preceding 2 months."", ""Blood or blood product transfusion in the preceding 2 months."", ""Subjects for whom all forms (stress or pharmacologic) of MPI are contraindicated."", ""Subjects for whom invasive coronary angiography or coronary CT angiography is contraindicated, including IV beta-blocker."", ""Subjects who planned to decline research CCTA or invasive coronary angiography, regardless of MPI result."", ""Subjects with history of atrial fibrillation/flutter or frequent irregular or rapid heart rhythms."", ""Known history of renal insufficiency (serum creatinine \"" 2.0 mg/dL), or severe allergy to iodinated contrast.""]"
NCT04074876,Utility of Pulmonary Echography for Evaluation of Patients Undergoing Orthopedic Surgery for Femur Fracture,"Inclusion Criteria:

* Patients more of 65 years of age with femur fracture undergoing urgent surgery
* patients can undergo spinal anaesthesia

Exclusion Criteria:

* Absent consent, patients with acute heart failure or recent major cardiac events (\< 6 months), known pulmonary parenchyma diseases (including pneumonia), general anaesthesia during surgery","[""Patients more of 65 years of age with femur fracture undergoing urgent surgery"", ""patients can undergo spinal anaesthesia""]","[""Absent consent, patients with acute heart failure or recent major cardiac events (< 6 months)"", ""known pulmonary parenchyma diseases (including pneumonia)"", ""general anaesthesia during surgery""]"
NCT02231528,Interest of Ultrasound Coupled to a Guidance System (GPS) for Central Venous Catheters (CVC) Insertion.,"Inclusion Criteria:

* Adults 2 sexes
* Age\> 18years
* Indication for placing a central venous catheter in internal jugular
* Scheduled installation

Exclusion Criteria:

* Persons referred to in Articles L. 1121-5 to L. 1121-8 Code of Public Health,
* Lack of coverage by social security
* Refusal of patient consent
* Contraindication for placement of a central venous catheter in internal jugular
* Emergency
* Pregnancy
* Doppler data from the supra-aortic trunks if it exists (eg bilateral carotid stenosis)
* Pacemaker, defibrillator","[""Adults 2 sexes"", ""Age> 18years"", ""Indication for placing a central venous catheter in internal jugular"", ""Scheduled installation""]","[""Persons referred to in Articles L. 1121-5 to L. 1121-8 Code of Public Health"", ""Lack of coverage by social security"", ""Refusal of patient consent"", ""Contraindication for placement of a central venous catheter in internal jugular"", ""Emergency"", ""Pregnancy"", ""Doppler data from the supra-aortic trunks if it exists (eg bilateral carotid stenosis)"", ""Pacemaker, defibrillator""]"
NCT03457623,"Medico-economic Evaluation of a ""IsereADOM"" Package of Services Versus Conventional Health and Social Monitoring, in the Care of a Population of People With Heart Failure in Isère.","Inclusion Criteria:

* Patient diagnosed with heart failure confirmed by a cardiologist ;
* Patient with functional NYHA II, III, IV staining ;
* Patient domiciled in the department of Isère ;
* Patient who can be followed regularly for 6 months ;
* Patient who can benefit from RESIC-type health education ;
* Presence of a caregiver referent of proximity (family or other) according to appreciation of the investigating doctor in case of cognitive disorders ;
* Patient affiliated with social security or beneficiary of such a scheme ;
* Patient able to read, write and understand French ;
* Patient having signed informed consent to participate.

Exclusion Criteria:

* Patient with peritoneal dialysis or haemofiltration ;
* Patient with severe co-morbidity with poor short-term prognosis: mortality \< 6 months ;
* Patient with future surgical etiologic treatment: prosthetic valve, revascularization procedure, TAVI or MITRACLIP ;
* Patient residing in a nursing home or institution for dependent person ;
* Persons referred to in Articles L1121-5 to L1121-8 of the CSP (corresponds to all persons protected: pregnant woman, parturient, mother who is breastfeeding, person deprived of liberty by judicial or administrative decision, person subject of a legal protection measure).","[""Patient diagnosed with heart failure confirmed by a cardiologist"", ""Patient with functional NYHA II, III, IV staining"", ""Patient domiciled in the department of Is\u00e8re"", ""Patient who can be followed regularly for 6 months"", ""Patient who can benefit from RESIC-type health education"", ""Presence of a caregiver referent of proximity (family or other) according to appreciation of the investigating doctor in case of cognitive disorders"", ""Patient affiliated with social security or beneficiary of such a scheme"", ""Patient able to read, write and understand French"", ""Patient having signed informed consent to participate""]","[""Patient with peritoneal dialysis or haemofiltration"", ""Patient with severe co-morbidity with poor short-term prognosis: mortality < 6 months"", ""Patient with future surgical etiologic treatment: prosthetic valve, revascularization procedure, TAVI or MITRACLIP"", ""Patient residing in a nursing home or institution for dependent person"", ""Persons referred to in Articles L1121-5 to L1121-8 of the CSP (corresponds to all persons protected: pregnant woman, parturient, mother who is breastfeeding, person deprived of liberty by judicial or administrative decision, person subject of a legal protection measure)""]"
NCT04312490,"Presentation, Patterns of Myocardial Damage, and Clinical Course of Viral Myocarditis","Inclusion Criteria:

* all patients with recent unexplained heart failure in last 3 months and diagnosed as myocarditis by cardiac magnetic resonance (CMR) after exclusion of ischemic (by coronary angio) or valvular (by detailed ECHO) causes.

Exclusion Criteria:

* ischemic cardiomyopathy.
* peripartum cardiomyopathy
* valvular etiology of heart failure","[""all patients with recent unexplained heart failure in last 3 months and diagnosed as myocarditis by cardiac magnetic resonance (CMR) after exclusion of ischemic (by coronary angio) or valvular (by detailed ECHO) causes.""]","[""ischemic cardiomyopathy."", ""peripartum cardiomyopathy"", ""valvular etiology of heart failure""]"
NCT02591732,"A Nation-wide Registry Study of Patients With Non-valvular Atrial Fibrillation Initiating Anticoagulation Therapies in the Early Period Follow Apixaban Marketing in Denmark: Patient Characteristics, Treatment Patterns, and Early Bleeding Events","Inclusion Criteria:

The study population will consist of all patients in Denmark who meet the following criteria:

* Adult (≥18 years) at time of anticoagulant initiation
* Diagnosed with atrial fibrillation without recorded valvular disease
* Initiated a new OAT during the study period (January 1, 2011 and December 31, 2014).
* For the identification of NVAF cases, the appearance at least one hospital discharge diagnosis of AF will be searched in the databases.

Exclusion Criteria:

* Patients with prosthetic heart valves , rheumatic mitral or aortic valve disorders, and mitral aortic stenosis will be excluded","[""Adult (\u226518 years) at time of anticoagulant initiation"", ""Diagnosed with atrial fibrillation without recorded valvular disease"", ""Initiated a new OAT during the study period (January 1, 2011 and December 31, 2014)."", ""For the identification of NVAF cases, the appearance at least one hospital discharge diagnosis of AF will be searched in the databases.""]","[""Patients with prosthetic heart valves , rheumatic mitral or aortic valve disorders, and mitral aortic stenosis will be excluded""]"
NCT00524433,"Multicenter, Double-blind, Randomized, Placebo-controlled, Parallel Group Study to Assess the Efficacy, Safety, and Tolerability of Tezosentan in Patients With Acute Heart Failure.","Inclusion Criteria:

* 1.Patients 18 years of age or older. 2.Male or non-breast-feeding, non-pregnant female (only females who are post menopausal, surgically sterile or practicing a reliable method of contraception).

  3.Acute heart failure (ischemic or non-ischemic). 4.Randomization within 24 hours of hospitalization (including emergency room stay) for acute heart failure.

  5.Dyspnea at rest as assessed by the patient and breathing rate ³ 24/min (measured during 60 seconds).

  6.At least two out of the following four criteria: · elevated BNP or N terminal pro-BNP (more than three times the upper limit of normal for the site) in patients not treated with nesiritide,· clinical evidence of pulmonary congestion/edema (e.g., rales or crackles more than a third above bases),· evidence of pulmonary congestion on chest X-ray, · left ventricular systolic dysfunction (EF \< 40% or wall motion index £ 1.2 within 12 months prior to randomization).

  7.Patients in need of i.v. therapy for acute heart failure and who have received at least one dose of i.v. diuretic within 24 hours prior to study drug initiation (last bolus dose must have been more than 2 hours prior to study drug initiation).

  8.Written informed consent.

Exclusion Criteria:

* Criteria only for patients hemodynamically monitored:

  1. Baseline cardiac index \> 2.5 l/min/m2 and/or PCWP \< 20 mmHg within 6 hours prior to study drug initiation.

     Criteria for all patients:
  2. Patients not receiving i.v. vasodilators (e.g., nitrates, nitroprusside, nesiritide) at baseline: supine systolic blood pressure \< 100 mmHg. Patients receiving i.v. vasodilators (e.g., nitrates, nitroprusside, nesiritide) at baseline: supine systolic blood pressure \< 120 mmHg.
  3. Cardiogenic shock within the last 48 hours or evidence of volume depletion.
  4. Ongoing myocardial ischaemia, coronary revascularisation procedure (PCI or CABG) during current admission or planned revascularisation.
  5. ST-segment elevation myocardial infarction or administration of thrombolytic therapy.
  6. Baseline creatinine ≥ 2.5 mg/dl (221 mmol/l).
  7. Baseline hemoglobin \< 10 g/dl or a hematocrit \< 30%.
  8. Hemodialysis, ultrafiltration or peritoneal dialysis within the last 7 days.
  9. Heart failure due to active myocarditis, obstructive hypertrophic cardiomyopathy, congenital heart disease, restrictive cardiomyopathy or constrictive pericarditis. Heart failure caused by valvular disease.
  10. Acute heart failure associated with uncontrolled hemodynamically relevant atrial fibrillation/flutter or ventricular rhythm disturbances.
  11. Acute heart failure secondary to clinical evidence of digoxin toxicity or any other drug-related toxicity.
  12. Significant chronic and/or acute lung disease that might interfere with the ability to interpret the dyspnea assessments or hemodynamic measurements (e.g., severe chronic obstructive pulmonary disease or acute pneumonia).
  13. Mechanical circulatory or ventilatory support. Prior CPAP use is allowed, if discontinued at least 2 hours prior to study drug initiation.
  14. Acute systemic infection/sepsis or other illness with a life expectancy less than 30 days.
  15. Coronary artery bypass graft, or other cardiac surgery, or major non-cardiac surgery within the last 30 days.
  16. Patients who received another investigational drug within 30 days prior to randomization.
  17. Re-randomization in the current study.
  18. Any factors that might interfere with the study conduct or interpretation of the results such as known drug or alcohol dependence.
  19. Concomitant treatment with cyclosporin A or tacrolimus.","[""Patients 18 years of age or older."", ""Male or non-breast-feeding, non-pregnant female (only females who are post menopausal, surgically sterile or practicing a reliable method of contraception)."", ""Acute heart failure (ischemic or non-ischemic)."", ""Randomization within 24 hours of hospitalization (including emergency room stay) for acute heart failure."", ""Dyspnea at rest as assessed by the patient and breathing rate \"",\"" 24/min (measured during 60 seconds)."", ""At least two out of the following four criteria: elevated BNP or N terminal pro-BNP (more than three times the upper limit of normal for the site) in patients not treated with nesiritide, clinical evidence of pulmonary congestion/edema (e.g., rales or crackles more than a third above bases), evidence of pulmonary congestion on chest X-ray, left ventricular systolic dysfunction (EF < 40% or wall motion index \"",\"" 1.2 within 12 months prior to randomization)."", ""Patients in need of i.v. therapy for acute heart failure and who have received at least one dose of i.v. diuretic within 24 hours prior to study drug initiation (last bolus dose must have been more than 2 hours prior to study drug initiation)."", ""Written informed consent.""]","[""Baseline cardiac index > 2.5 l/min/m2 and/or PCWP < 20 mmHg within 6 hours prior to study drug initiation."", ""Patients not receiving i.v. vasodilators (e.g., nitrates, nitroprusside, nesiritide) at baseline: supine systolic blood pressure < 100 mmHg. Patients receiving i.v. vasodilators (e.g., nitrates, nitroprusside, nesiritide) at baseline: supine systolic blood pressure < 120 mmHg."", ""Cardiogenic shock within the last 48 hours or evidence of volume depletion."", ""Ongoing myocardial ischaemia, coronary revascularisation procedure (PCI or CABG) during current admission or planned revascularisation."", ""ST-segment elevation myocardial infarction or administration of thrombolytic therapy."", ""Baseline creatinine \"",\"" 2.5 mg/dl (221 mmol/l)."", ""Baseline hemoglobin < 10 g/dl or a hematocrit < 30%."", ""Hemodialysis, ultrafiltration or peritoneal dialysis within the last 7 days."", ""Heart failure due to active myocarditis, obstructive hypertrophic cardiomyopathy, congenital heart disease, restrictive cardiomyopathy or constrictive pericarditis. Heart failure caused by valvular disease."", ""Acute heart failure associated with uncontrolled hemodynamically relevant atrial fibrillation/flutter or ventricular rhythm disturbances."", ""Acute heart failure secondary to clinical evidence of digoxin toxicity or any other drug-related toxicity."", ""Significant chronic and/or acute lung disease that might interfere with the ability to interpret the dyspnea assessments or hemodynamic measurements (e.g., severe chronic obstructive pulmonary disease or acute pneumonia)."", ""Mechanical circulatory or ventilatory support. Prior CPAP use is allowed, if discontinued at least 2 hours prior to study drug initiation."", ""Acute systemic infection/sepsis or other illness with a life expectancy less than 30 days."", ""Coronary artery bypass graft, or other cardiac surgery, or major non-cardiac surgery within the last 30 days."", ""Patients who received another investigational drug within 30 days prior to randomization."", ""Re-randomization in the current study."", ""Any factors that might interfere with the study conduct or interpretation of the results such as known drug or alcohol dependence."", ""Concomitant treatment with cyclosporin A or tacrolimus.""]"
NCT00871260,Stress Testing and Cardiac Magnetic Resonance,"Inclusion Criteria:

* Suspected coronary artery disease
* Symptoms of possible coronary artery disease

Exclusion Criteria:

* Acute ST-elevation myocardial infarction
* Second or third degree AV block
* Severe Renal Disease (Glomerular Filtration Rate (GFR) \<30cc/min or hemodialysis)
* Contra-indications to MRI (i.e. Implantable Cardioverter Defibrillator (ICD), pacemaker, aneurysm clip, etc)
* Hemodynamic instability
* Inability to provide informed consent
* Severe claustrophobia
* Pregnancy
* Age \<18 years","[""Suspected coronary artery disease"", ""Symptoms of possible coronary artery disease""]","[""Acute ST-elevation myocardial infarction"", ""Second or third degree AV block"", ""Severe Renal Disease (Glomerular Filtration Rate (GFR) <30cc/min or hemodialysis)"", ""Contra-indications to MRI (i.e. Implantable Cardioverter Defibrillator (ICD), pacemaker, aneurysm clip, etc)"", ""Hemodynamic instability"", ""Inability to provide informed consent"", ""Severe claustrophobia"", ""Pregnancy"", ""Age <18 years""]"
NCT02549664,"Exercise in Genetic Cardiovascular Conditions (Lifestyle and Exercise in Hypertrophic Cardiomyopathy ""LIVE-HCM""/Lifestyle and Exercise in the Long QT Syndrome ""LIVE-LQTS""","Inclusion Criteria:

* Individuals with Hypertrophic Cardiomyopathy or Long QT Syndrome

Exclusion Criteria:

* Individuals with Hypertrophic Cardiomyopathy with systolic or diastolic heart failure which precludes vigorous exercise will not be enrolled (NYHA III/IV)","[""Individuals with Hypertrophic Cardiomyopathy or Long QT Syndrome""]","[""Individuals with Hypertrophic Cardiomyopathy with systolic or diastolic heart failure which precludes vigorous exercise will not be enrolled (NYHA III/IV)""]"
NCT01260402,Randomized Comparison of Endocardial Versus Epicardial - From the Coronary Sinus - Left Ventricular Pacing for Resynchronization in Heart Failure.,"Inclusion Criteria:

* Adult (aged 18 or above)
* Cardiac insufficiency of whatever cause (ischemic or non-ischemic)
* Left ventricular ejection fraction \<35%
* NYHA Class III or IV with optimal medical treatment
* QRS duration \> 120 ms
* Sinus rhythm
* Patient must have signed informed consent
* Patient must be registered in the national health care system

Exclusion Criteria:

* Aged under 18
* Patient with a mitral or aortic prosthesis
* Patient with contraindication to anti-coagulants
* Pregnant women
* Participation in another study
* Patient with contraindication for left ventricle catheterization by retrograde aortic approach , as a severe aortic stenosis requiring surgery, or an ascending aorta aneurism","[""Adult (aged 18 or above)"", ""Cardiac insufficiency of whatever cause (ischemic or non-ischemic)"", ""Left ventricular ejection fraction <35%"", ""NYHA Class III or IV with optimal medical treatment"", ""QRS duration > 120 ms"", ""Sinus rhythm"", ""Patient must have signed informed consent"", ""Patient must be registered in the national health care system""]","[""Aged under 18"", ""Patient with a mitral or aortic prosthesis"", ""Patient with contraindication to anti-coagulants"", ""Pregnant women"", ""Participation in another study"", ""Patient with contraindication for left ventricle catheterization by retrograde aortic approach, as a severe aortic stenosis requiring surgery, or an ascending aorta aneurism""]"
NCT05748054,"Early Childhood Caries in Jordanian Children: Prevalence, Risk Factors and Prevention Using Silver Diamine Fluoride","Inclusion Criteria:

* Children with early childhood caries involving anterior and/or posterior primary teeth
* Children with with cavitated lesions with active caries
* Children with no clinical signs of pulp involvement

Exclusion criteria:

* Children with grossly broken down teeth
* Children with teeth with more than one third of the crown missing
* Children with pulpally involved teeth (with pulp exposure, presence of an abscess or a sinus) Children with obvious discoloration, and abnormal mobility","[""Children with early childhood caries involving anterior and/or posterior primary teeth"", ""Children with with cavitated lesions with active caries"", ""Children with no clinical signs of pulp involvement""]","[""Children with grossly broken down teeth"", ""Children with teeth with more than one third of the crown missing"", ""Children with pulpally involved teeth (with pulp exposure, presence of an abscess or a sinus) Children with obvious discoloration, and abnormal mobility""]"
NCT00498446,Imaging of Atrial Septal Defects by Velocity Encoded Cardiovascular Magnetic Resonance,"Inclusion Criteria:

* Suspected Atrial Septal Defect (ASD) undergoing evaluation for possible transcatheter closure

Exclusion Criteria:

* Contraindications to magnetic resonance imaging
* known sinus venosus or primum defects","[""Suspected Atrial Septal Defect (ASD) undergoing evaluation for possible transcatheter closure""]","[""Contraindications to magnetic resonance imaging"", ""known sinus venosus or primum defects""]"
NCT05905627,"The Effect of Breathing and Relaxation Exercise on Dyspnea, Fatigue and Self-Care Level","Inclusion Criteria:

(a) 18 years of age or older; (b) Patients with HF stage NYHA II-III; (c) hospitalized for two weeks; (d) Not pregnant; (e) Not applying any integrated treatment; (f) Patients who have been taking the same heart failure medication for at least three months.

Exclusion Criteria:

The exclusion criteria of patients are as follows: (a) Not expected to participate in a breathing or progressive relaxation exercise study in expert opinion; (b) Patients with COPD, (d) Patients with severe mental disorders.

Individuals' eligibility for inclusion and exclusion criteria will be evaluated through patient file records and interviews with the physician.","[""18 years of age or older"", ""Patients with HF stage NYHA II-III"", ""hospitalized for two weeks"", ""Not pregnant"", ""Not applying any integrated treatment"", ""Patients who have been taking the same heart failure medication for at least three months""]","[""Not expected to participate in a breathing or progressive relaxation exercise study in expert opinion"", ""Patients with COPD"", ""Patients with severe mental disorders""]"
NCT00804349,Apnea Rampant In Acute Decompensated Heart Failure II,"Inclusion Criteria:

* Patients over the age of 18 and able to consent
* NYHA Class III/IV Symptoms
* Objective Evidence of Heart Failure
* Physical Exam consistent with Heart Failure
* BNP greater than 500
* Radiographic Evidence of Heart Failure
* SDB (AHI \> 5/hour) on Nexan CPS
* Ability to tolerate appropriate medical therapy for Heart Failure
* Willingness to follow-up as an outpatient after discharge

Exclusion Criteria:

* Patients with known Sleep-Disordered Breathing currently using CPAP or BiPAP
* Patients with known COPD
* Patients with known restrictive lung disease
* Patients with tracheostomy in place
* Acute MI/Acute Coronary Syndrome at time of hospitalization
* Cardiogenic Shock
* Troponin Leak greater than 0.08
* Patients with major multisystem disorders
* Expected survival less than 6 months
* End Stage Renal Disease on Dialysis
* Chronic Liver Disease
* Albumin level less than 3.
* Patients from Nursing homes","[""Patients over the age of 18 and able to consent"", ""NYHA Class III/IV Symptoms"", ""Objective Evidence of Heart Failure"", ""Physical Exam consistent with Heart Failure"", ""BNP greater than 500"", ""Radiographic Evidence of Heart Failure"", ""SDB (AHI > 5/hour) on Nexan CPS"", ""Ability to tolerate appropriate medical therapy for Heart Failure"", ""Willingness to follow-up as an outpatient after discharge""]","[""Patients with known Sleep-Disordered Breathing currently using CPAP or BiPAP"", ""Patients with known COPD"", ""Patients with known restrictive lung disease"", ""Patients with tracheostomy in place"", ""Acute MI/Acute Coronary Syndrome at time of hospitalization"", ""Cardiogenic Shock"", ""Troponin Leak greater than 0.08"", ""Patients with major multisystem disorders"", ""Expected survival less than 6 months"", ""End Stage Renal Disease on Dialysis"", ""Chronic Liver Disease"", ""Albumin level less than 3."", ""Patients from Nursing homes""]"
NCT03672591,Cross-sectional Observational Single-center Study to Evaluate Renal Hemodynamics in Patients With Heart Failure and Preserved Ejection Fraction,"Inclusion Criteria:

* Patients in good and stable health condition
* Informed consent has to be given in written form
* HFpEF in stable conditions according to 2016 ESC guidelines definition14

  * LVEF ≥ 50%
  * symptoms and/or signs of CHF
  * NT-proBNP \> 125 pg/ml
  * At least one additional criterion: relevant structural heart disease (left ventricular hypertrophy and/or left atrial enlargement and/or diastolic dysfunction

Exclusion Criteria:

* Uncontrolled diabetes (fasting plasma glucose ≥ 240 mg/dl, HbA1c ≥ 10%)
* Uncontrolled arterial hypertension (≥ 180/110 mmHg)
* Any history of stroke, transient ischemic attack, instable angina pectoris or myocardial infarction within the last 6 months prior to study inclusion
* Significant valvular heart disease
* Known hypertrophic obstructive cardiomyopathy or known pericardial constriction
* Atrial fibrillation with a resting heart rate \> 90 bpm
* Heart transplant recipient
* Sickle cell anemia
* Pheochromocytoma
* Myasthenia gravis
* Subclinical or clinical hyperthyroidism
* Allergic reaction to iodine
* Medication with amiodarone
* Estimated glomerular filtration rate \< 30 ml/min/1.73m²
* Significant laboratory abnormalities such as Serum Glutamate-Oxaloacetate-Transaminase (SGOT) or Serum Glutamate-Pyruvate-Transaminase (SGPT) levels more than 3 times above the upper limit of normal range
* Patients in unstable conditions due to any kind of serious disease, that infers with the conduction of the trial
* History of epilepsia and history of seizures
* Patients suffering from cataract or glaucoma
* Diabetic retinopathy
* Drug or alcohol abuse
* Pregnant and breast-feeding patients
* Body mass index \> 40 kg/m²
* Participation in another clinical study within 30 days prior to visit 1
* Individuals at risk for poor protocol adherence
* Subjects who do not give written consent, that pseudonymous data will be transferred in line with the duty of documentation and the duty of notification according to § 12 and § 13 GCP-V","[""Patients in good and stable health condition"", ""Informed consent has to be given in written form"", ""HFpEF in stable conditions according to 2016 ESC guidelines definition14"", ""LVEF \"">= 50%"", ""symptoms and/or signs of CHF"", ""NT-proBNP \""> 125 pg/ml"", ""At least one additional criterion: relevant structural heart disease (left ventricular hypertrophy and/or left atrial enlargement and/or diastolic dysfunction""]","[""Uncontrolled diabetes (fasting plasma glucose \"">= 240 mg/dl, HbA1c \"">= 10%)"", ""Uncontrolled arterial hypertension (\"">= 180/110 mmHg)"", ""Any history of stroke, transient ischemic attack, instable angina pectoris or myocardial infarction within the last 6 months prior to study inclusion"", ""Significant valvular heart disease"", ""Known hypertrophic obstructive cardiomyopathy or known pericardial constriction"", ""Atrial fibrillation with a resting heart rate \""> 90 bpm"", ""Heart transplant recipient"", ""Sickle cell anemia"", ""Pheochromocytoma"", ""Myasthenia gravis"", ""Subclinical or clinical hyperthyroidism"", ""Allergic reaction to iodine"", ""Medication with amiodarone"", ""Estimated glomerular filtration rate \""< 30 ml/min/1.73m\u00b2"", ""Significant laboratory abnormalities such as Serum Glutamate-Oxaloacetate-Transaminase (SGOT) or Serum Glutamate-Pyruvate-Transaminase (SGPT) levels more than 3 times above the upper limit of normal range"", ""Patients in unstable conditions due to any kind of serious disease, that infers with the conduction of the trial"", ""History of epilepsia and history of seizures"", ""Patients suffering from cataract or glaucoma"", ""Diabetic retinopathy"", ""Drug or alcohol abuse"", ""Pregnant and breast-feeding patients"", ""Body mass index \""> 40 kg/m\u00b2"", ""Participation in another clinical study within 30 days prior to visit 1"", ""Individuals at risk for poor protocol adherence"", ""Subjects who do not give written consent, that pseudonymous data will be transferred in line with the duty of documentation and the duty of notification according to \""\u00a7 12 and \""\u00a7 13 GCP-V""]"
NCT02349997,The First Affiliated Hospital of Nanjing Medical University,"Inclusion Criteria:

1. patients with chronic heart failure caused by rheumatic heart disease, cardiomyopathy and coronary heart disease
2. aged between 18 to 70 years
3. with symptomatic stable heart failure, New York Heart Association (NYHA) class \>= II despite optimal drug therapy
4. patients combined with sleep apnea (apnea-hypopnea index \>=10/h) according to the results of polysomnograph.

Exclusion Criteria:

1. history of stroke or clinical signs of peripheral or central nervous system disorders
2. chronic obstructive pulmonary disease or history of asthma
3. enrolment in another clinical study","[""patients with chronic heart failure caused by rheumatic heart disease, cardiomyopathy and coronary heart disease"", ""aged between 18 to 70 years"", ""with symptomatic stable heart failure, New York Heart Association (NYHA) class >= II despite optimal drug therapy"", ""patients combined with sleep apnea (apnea-hypopnea index >=10/h) according to the results of polysomnograph.""]","[""history of stroke or clinical signs of peripheral or central nervous system disorders"", ""chronic obstructive pulmonary disease or history of asthma"", ""enrolment in another clinical study""]"
NCT04337736,The Impact of Different Physical Exercise Protocols on Cardio-vascular Efficiency and Quality of Life in Breast Cancer Survivors,"Inclusion Criteria:

* age \< 65 years;
* history of breast cancer surgery in the previous 12 months;
* no history of chemotherapy;
* no ongoing radiotherapy;
* eventual hormonal therapy;
* cardiovascular and orthopedic eligibility.

Exclusion Criteria:

* adjuvant chemotherapy;
* any history of cardiovascular disease;
* abnormal exercise stress test at the screening;
* any systemic inflammatory disease or any orthopedic condition potentially limiting the physical training.","[""age < 65 years"", ""history of breast cancer surgery in the previous 12 months"", ""no history of chemotherapy"", ""no ongoing radiotherapy"", ""eventual hormonal therapy"", ""cardiovascular and orthopedic eligibility""]","[""adjuvant chemotherapy"", ""any history of cardiovascular disease"", ""abnormal exercise stress test at the screening"", ""any systemic inflammatory disease or any orthopedic condition potentially limiting the physical training""]"
NCT04940650,Detection of Myocardial Inflammation in Cyclists After Strenuous Exercise: a Pilot Study Part 1,"Inclusion Criteria:

* Recreational cyclists performing the 'étape du tour (EDT) de France 2021 ride

Exclusion Criteria:

* presence of pre-existing cardiovascular or pulmonary diseases, hypertension, diabetes, peripheral vascular diseases, any inflammatory or auto-immune diseases and the intake of anti-inflammatory drugs.","[""Recreational cyclists performing the '\u00e9tape du tour (EDT) de France 2021 ride""]","[""presence of pre-existing cardiovascular or pulmonary diseases, hypertension, diabetes, peripheral vascular diseases, any inflammatory or auto-immune diseases and the intake of anti-inflammatory drugs.""]"
NCT04548024,Relation of Non-invasively Measured Advanced Hemodynamic Parameters to Clinical Outcomes in Heart Failure Patients,"Inclusion Criteria:

* Diagnosis of heart failure
* A Recent echocardiography report (from the last 2 year)
* Treatment with IV diuresis at Hadassah Ein Kerem outpatient clinic

Exclusion Criteria:

* Patient does not give consent to participate in the study, or is unable to give consent due to cognitive or mental impairment
* Patient is under 18 years old
* Patient is unable to answer questions regarding his condition
* Pregnant women
* Worker from Hadassah Medical Center","[""Diagnosis of heart failure"", ""A Recent echocardiography report (from the last 2 year)"", ""Treatment with IV diuresis at Hadassah Ein Kerem outpatient clinic""]","[""Patient does not give consent to participate in the study, or is unable to give consent due to cognitive or mental impairment"", ""Patient is under 18 years old"", ""Patient is unable to answer questions regarding his condition"", ""Pregnant women"", ""Worker from Hadassah Medical Center""]"
NCT01531231,"Typical Daily Emotions, Ischemia and Repolarization in Coronary Artery Disease","KEY INCLUSION CRITERIA: LOW RISK CAD SUBJECTS, EJECTION FRACTION \>35%

* Proficient in English
* At least 21 years of age or older
* Stable coronary artery disease
* Willing to participant in 3 days of Holter monitor recordings and respond to surveys on a study provided smartphone

KEY EXCLUSION CRITERIA: LOW RISK CAD SUBJECTS

\- Presence of bundle branch block evident on ECG

KEY INCLUSION CRITERIA: HIGH RISK CAD Subjects, Ejection Fraction \<35%

* Proficient in English
* 21 years of age or older
* Have stable coronary artery disease with a documented previous myocardial infarction
* Recent ECHO, MUGA or angiography (\< 5year old) reflecting a left-ventricular ejection fraction \<35%
* Single or dual chamber ICD, with a back up rate of ventricular pacing at \< 45 bpm
* Willing to wear a Holter monitor for 3 days and respond to surveys on a study provided smartphone

KEY EXCLUSION CRITERIA: HIGH RISK CAD, Ejection Fraction \<35%

* An implanted cardiac resynchronization pacemaker with ICD (CRT-D)
* Heart rhythm artificially continuously paced
* Presence of a bundle branch block evident on any ECG

KEY INCLUSION CRITERIA: OLDER HEALTHY COMPARISON

* Proficient in English
* 51 years of age or older
* No history and evidence of ischemic heart disease
* Normal screening ECG without evidence for rhythm abnormalities, conduction abnormalities, hypertrophy, or other pathologies
* Age matched within 5 years to CAD patients
* Negative treadmill/bicycle exercise test
* Willing to wear a Holter monitor for 3 days and respond to surveys on a study provided smartphone

KEY EXCLUSION CRITERIA: OLDER HEALTHY COMPARISON

* History of ischemic heart disease (CAD),prior myocardial infarction
* History of cardiac disease

KEY INCLUSION CRITERIA: YOUNGER HEALTHY (ENROLLMENT CLOSED)

* Proficient in English
* 21 to 50 years of age
* Normal screening ECG without evidence for rhythm abnormalities, conduction abnormalities, hypertrophy, or other pathologies
* Willing to wear a Holter monitor for 3 days and respond to surveys on a study provided smartphone

KEY EXCLUSION CRITERIA: YOUNGER HEALTHY

* History of ischemic heart disease (CAD), prior myocardial infarction
* History of cardiac diseases
* Abnormal ECG","[""Proficient in English"", ""At least 21 years of age or older"", ""Stable coronary artery disease"", ""Willing to participant in 3 days of Holter monitor recordings and respond to surveys on a study provided smartphone"", ""21 years of age or older"", ""Have stable coronary artery disease with a documented previous myocardial infarction"", ""Recent ECHO, MUGA or angiography (< 5year old) reflecting a left-ventricular ejection fraction <35%"", ""Single or dual chamber ICD, with a back up rate of ventricular pacing at < 45 bpm"", ""Willing to wear a Holter monitor for 3 days and respond to surveys on a study provided smartphone"", ""51 years of age or older"", ""No history and evidence of ischemic heart disease"", ""Normal screening ECG without evidence for rhythm abnormalities, conduction abnormalities, hypertrophy, or other pathologies"", ""Age matched within 5 years to CAD patients"", ""Negative treadmill/bicycle exercise test"", ""21 to 50 years of age""]","[""Presence of bundle branch block evident on ECG"", ""An implanted cardiac resynchronization pacemaker with ICD (CRT-D)"", ""Heart rhythm artificially continuously paced"", ""Presence of a bundle branch block evident on any ECG"", ""History of ischemic heart disease (CAD), prior myocardial infarction"", ""History of cardiac disease"", ""History of cardiac diseases"", ""Abnormal ECG""]"
NCT01225094,Curcumin to Prevent Perioperative Complications After Elective Abdominal Aortic Aneurysm Repair: a Randomized Controlled Trial,"Inclusion Criteria:

* Elective repair of an AAA (excludes thoracic or thoracoabdominal aneurysms)
* 18 years of age or older
* Able to provide informed consent
* Has one or more of the following criteria at time of preoperative assessment:
* x Open repair OR
* x Endovascular repair with ≥ 1 of the following criteria:
* o diabetes mellitus treated with insulin or oral hypoglycemic agents
* o age \> 70 years
* o pre-existing renal impairment (baseline serum creatinine level \>177 μmol/L for men or \>146 μmol/L for women)
* If diabetic, is able and willing to collect and record glucose levels at home

Exclusion Criteria:

* emergent or urgent repair (repair \< 3 days from pre-admission visit; ruptured AAA)
* prior renal transplantation
* pregnant or breastfeeding
* active gastrointestinal reflux disease, gastrointestinal ulcers or hepatobiliary disease (including gallstones)
* has active liver disease
* evidence of AKI (\> 50% increase in serum creatinine) in the 30 days prior to repair
* enrolled in another randomized controlled trial
* receipt of ≥ 1 dialysis treatment in the past week
* previous participation in this trial
* repair is scheduled \> 90 days from date of informed consent
* unable to provide written consent
* allergy(ies) to any member of the Zingiberaceae family: turmeric, ginger, curry, cumin, cardamom)
* allergy(ies) to ingredients of the study product or placebo: yellow or red food coloring, gelatin or cellulose
* have a history of major bleeding event in the previous 6 months
* bleeding disorders: a diagnosis of hemophilia, von Willebrand disease, platelets less than 70 for any reason
* history of hypoglycemia in the past 6 months: blood sugar less than or equal to 3.5 mmol/L","[""Elective repair of an AAA (excludes thoracic or thoracoabdominal aneurysms)"", ""18 years of age or older"", ""Able to provide informed consent"", ""Has one or more of the following criteria at time of preoperative assessment:"", ""Open repair OR"", ""Endovascular repair with \""> 1 of the following criteria:"", ""diabetes mellitus treated with insulin or oral hypoglycemic agents"", ""age > 70 years"", ""pre-existing renal impairment (baseline serum creatinine level \"">177 \b\n\tmol/L for men or \"">146 \b\n\tmol/L for women)"", ""If diabetic, is able and willing to collect and record glucose levels at home""]","[""emergent or urgent repair (repair < 3 days from pre-admission visit; ruptured AAA)"", ""prior renal transplantation"", ""pregnant or breastfeeding"", ""active gastrointestinal reflux disease, gastrointestinal ulcers or hepatobiliary disease (including gallstones)"", ""has active liver disease"", ""evidence of AKI (> 50% increase in serum creatinine) in the 30 days prior to repair"", ""enrolled in another randomized controlled trial"", ""receipt of \""> 1 dialysis treatment in the past week"", ""previous participation in this trial"", ""repair is scheduled > 90 days from date of informed consent"", ""unable to provide written consent"", ""allergy(ies) to any member of the Zingiberaceae family: turmeric, ginger, curry, cumin, cardamom)"", ""allergy(ies) to ingredients of the study product or placebo: yellow or red food coloring, gelatin or cellulose"", ""have a history of major bleeding event in the previous 6 months"", ""bleeding disorders: a diagnosis of hemophilia, von Willebrand disease, platelets less than 70 for any reason"", ""history of hypoglycemia in the past 6 months: blood sugar less than or equal to 3.5 mmol/L""]"
NCT00001459,Tomographic Myocardial Wall Motion Analysis in Patients With Myocardial Ischemia and in Normal Subjects,"Patients with known coronary artery disease (obstruction of greater than or equal to 50% in at least one major coronary artery).

Patients with hypertrophic cardiomyopathy.

Patients with microvascular angina.

No unstable angina.

No hepatic or renal failure.

Infective endocarditis

No primary valvular disease.

No congenital heart disease.

No pregnant or breast feeding women.",[],"[""Patients with known coronary artery disease (obstruction of greater than or equal to 50% in at least one major coronary artery)"", ""Patients with hypertrophic cardiomyopathy"", ""Patients with microvascular angina"", ""Unstable angina"", ""Hepatic or renal failure"", ""Infective endocarditis"", ""Primary valvular disease"", ""Congenital heart disease"", ""Pregnant or breast feeding women""]"
NCT02227810,Effects of Muscular Electrical Stimulation on Skeletal and Lung Mechanics in Patients With Prolonged Mechanical Ventilation,"Inclusion Criteria:

* age\>20 years old
* mechanical ventilation for more than 6 h/ day for more than 21 days -- medical stability (arterial blood gas value hydrogen power(pH): 7.35-7.45, atrial oxygen pressure(PaO2): 60 mmHg at 40% fraction of inspired oxygen inspired oxygen fraction (FiO2), absence of signs and symptoms of infection, and hemodynamic stability);

Exclusion Criteria:

* signs of acute infection (BT\>38.5℃，WBC\>12000 or \<3000 per unit
* neuromuscular disease at acute stage
* diagnosis of cancer at end-stage
* pregnancy
* BMI\>35kg/m2","[""age>20 years old"", ""mechanical ventilation for more than 6 h/ day for more than 21 days"", ""medical stability (arterial blood gas value hydrogen power(pH): 7.35-7.45, atrial oxygen pressure(PaO2): 60 mmHg at 40% fraction of inspired oxygen inspired oxygen fraction (FiO2), absence of signs and symptoms of infection, and hemodynamic stability)""]","[""signs of acute infection (BT>38.5\u2103\uff0cWBC>12000 or <3000 per unit"", ""neuromuscular disease at acute stage"", ""diagnosis of cancer at end-stage"", ""pregnancy"", ""BMI>35kg/m2""]"
NCT03669198,"A Health Economic Evaluation of Using N-Terminal Pro Brain Natriuretic Peptide (NT-pro BNP) for Management of Acute Heart Failure in a Tertiary Referral Hospital in Jakarta, Indonesia","Inclusion Criteria:

* Patients aged 18-75 years
* The primary diagnosis at the Emergency Department (ED) is acute decompensated heart failure (ADHF)
* Using the national health insurance
* Willing to be followed for 3 months
* Willing to sign informed consent.

Exclusion Criteria:

* Severe life-threatening comorbidities with a life expectancy of \<2 years
* Acute heart failure other than ADHF such as acute pulmonary edema, acute heart failure in the setting of acute coronary syndrome, cardiogenic shock, right heart failure, and hypertensive heart failure
* ADHF accompanied by sepsis, liver disease, lung disease with severe radiological findings, mechanical complications of acute myocardial infarction, aortic dissection, congenital heart disease, idiopathic pulmonary hypertension, lung emboli, severe respiratory failure, and severe burns
* Patients admitted to ICVCU (Intensive Cardiovascular Care Unit)
* Patients did not take medication regularly and controls routinely.","[""Patients aged 18-75 years"", ""The primary diagnosis at the Emergency Department (ED) is acute decompensated heart failure (ADHF)"", ""Using the national health insurance"", ""Willing to be followed for 3 months"", ""Willing to sign informed consent.""]","[""Severe life-threatening comorbidities with a life expectancy of <2 years"", ""Acute heart failure other than ADHF such as acute pulmonary edema, acute heart failure in the setting of acute coronary syndrome, cardiogenic shock, right heart failure, and hypertensive heart failure"", ""ADHF accompanied by sepsis, liver disease, lung disease with severe radiological findings, mechanical complications of acute myocardial infarction, aortic dissection, congenital heart disease, idiopathic pulmonary hypertension, lung emboli, severe respiratory failure, and severe burns"", ""Patients admitted to ICVCU (Intensive Cardiovascular Care Unit)"", ""Patients did not take medication regularly and controls routinely.""]"
NCT02067455,"This is a Non-randomized, Single-center, Prospective Investigation on Exercise Capacities of Left Ventricular Assist Devices Recipients","Inclusion Criteria:

* left ventricular assist device (LVAD) recipients
* age \> 18 years
* able to give consent

Exclusion Criteria:

* adults legally protected (under judicial protection, guardianship, or supervision) or deprived of liberty
* patients unable to provide sufficient effort for exercise testing
* poor echogenicity","[""left ventricular assist device (LVAD) recipients"", ""age > 18 years"", ""able to give consent""]","[""adults legally protected (under judicial protection, guardianship, or supervision) or deprived of liberty"", ""patients unable to provide sufficient effort for exercise testing"", ""poor echogenicity""]"
NCT02019160,"Effectiveness of Biannual Application of Silver Nitrate Solution Followed by Sodium Fluoride Varnish in Arresting Early Childhood Caries in Preschool Children: a 30-month, Randomised, Double-blind, Non-inferiority Trial","Inclusion Criteria:

* Kindergarteners who have joined our outreach dental service will be invited to join this study. Preschool children aged 3-4 years who have tooth decay and are attending the first year of kindergarten will be invited to join this study.

Exclusion Criteria:

* Children who are uncooperative and difficult to manage, have major systemic diseases, or are on long-term medication will be excluded.","[""Kindergarteners who have joined our outreach dental service will be invited to join this study."", ""Preschool children aged 3-4 years who have tooth decay and are attending the first year of kindergarten will be invited to join this study.""]","[""Children who are uncooperative and difficult to manage, have major systemic diseases, or are on long-term medication will be excluded.""]"
NCT02513524,The Prevalence of Pseudo-resistant Hypertension Using the Direct Observed Therapy Test: A Prospective Observational Study,"Inclusion Criteria:

1. Age 18 years or older
2. Confirmed resistant hypertension defined as daytime BP readings above 135/85 mmHg (confirmed by 24-hour ABPM results) using 3 or more BP lowering drugs
3. Adherence to medications confirmed by patient, and by hypertension clinic on basis of pharmacy filling record

Exclusion Criteria:

1. Pregnant patients
2. Inability to provide informed consent","[""Age 18 years or older"", ""Confirmed resistant hypertension defined as daytime BP readings above 135/85 mmHg (confirmed by 24-hour ABPM results) using 3 or more BP lowering drugs"", ""Adherence to medications confirmed by patient, and by hypertension clinic on basis of pharmacy filling record""]","[""Pregnant patients"", ""Inability to provide informed consent""]"
NCT03923530,Pressure Assessment to Improve Outcomes After TAVR: a Registry,"1. Enroll 10 subjects with hypertension and abnormal hemodynamics after TAVR.
2. This is a greater than minimal risk study.

   1. Inclusion criteria:

      * TAVR procedure performed at the Malcom Randall VA Medical Center within the last 2 years.
      * Intracardiac pressures recorded 5 to 10 minutes after TAVR and AVi \< 0.6 mm Hg/bpm.
      * History of hypertension, taking anti-hypertensive medications, or recent systolic blood pressure ≥130 mm Hg.
   2. Exclusion criteria:

      * Serum potassium \>5.5 mEq/L at initiation.
      * Concomitant administration of strong CYP3A inhibitor (i.e. ketoconazole, itraconazole, nefazodone, troleandomycin, clarithromycin, ritonavir, and nelfinavir).
      * Type 2 diabetes with microalbuminuria.
      * Serum creatinine \>2.0 for men and \>1.8 for women.
      * Creatinine clearance \<50 cc/min.
      * Concomitant administration of potassium supplements or potassium-sparing diuretics.
3. Subjects who are eligible to participate and signed an informed consent will be given eplerenone 50 mg daily. Study drug (eplerenone) will be paid by the North Florida Foundation for Research and Education for the duration of the study.

   a. Down-titration or termination of non-essential anti-hypertensive agents is permissible so that eplerenone does not result in hypotension. Essential medications are as follows:
   * Angiotensin converting enzyme inhibitors (ACE-inhibitors) or angiotensin receptor blockers, if intolerant to ACE-inhibitors are indicated for treatment left ventricular dysfunction (i.e. left ventricular ejection fraction ≤40%), diabetes, and proteinuric chronic kidney disease.
   * Beta-blockers are indicated 3 years after an acute myocardial infarction, unless there is persistent left ventricular dysfunction (i.e. left ventricular ejection fraction ≤40%).
4. Monitoring.

   a. Serum potassium within the last 30 days is required before initiating eplerenone. Repeat blood draw is required within the first week, and one month after the start of treatment with eplerenone.
5. Quality of life questionnaire. a. The Kansas City Cardiomyopathy Questionnaire (KCCQ-12) will be administered at baseline and 8 weeks. The KCCQ-12 instrument will be mailed to the subject. Study coordinator will call the subject at 8 weeks to confirm vital status, assess if any adverse reactions from eplerenone, and provide assistance to completing the KCCQ-12, if needed.","[""TAVR procedure performed at the Malcom Randall VA Medical Center within the last 2 years."", ""Intracardiac pressures recorded 5 to 10 minutes after TAVR and AVi < 0.6 mm Hg/bpm."", ""History of hypertension, taking anti-hypertensive medications, or recent systolic blood pressure \"">=130 mm Hg.\""""]","[""Serum potassium >5.5 mEq/L at initiation."", ""Concomitant administration of strong CYP3A inhibitor (i.e. ketoconazole, itraconazole, nefazodone, troleandomycin, clarithromycin, ritonavir, and nelfinavir)."", ""Type 2 diabetes with microalbuminuria."", ""Serum creatinine >2.0 for men and >1.8 for women."", ""Creatinine clearance <50 cc/min."", ""Concomitant administration of potassium supplements or potassium-sparing diuretics.""]"
NCT00949715,Optimize RV Follow-up Selective Site Pacing Clinical Trial,"Inclusion Criteria:

* Subjects enrolled in the Optimize RV study (version 3, dated 6 March 2007)
* Subjects or legal guardians who are willing and able to sign an Informed Consent (and Authorization to use and Disclose Health Information Form, if applicable)

Exclusion Criteria:

* Subjects who have a device that was programmed outside the Optimize RV programming requirements
* Subjects implanted with and implantable cardioverter-defibrillator (ICD) or cardiac resynchronization therapy (CRT) device
* Subjects who are pregnant or nursing","[""Subjects enrolled in the Optimize RV study (version 3, dated 6 March 2007)"", ""Subjects or legal guardians who are willing and able to sign an Informed Consent (and Authorization to use and Disclose Health Information Form, if applicable)""]","[""Subjects who have a device that was programmed outside the Optimize RV programming requirements"", ""Subjects implanted with and implantable cardioverter-defibrillator (ICD) or cardiac resynchronization therapy (CRT) device"", ""Subjects who are pregnant or nursing""]"
NCT01074658,"CoreValve Advance International Post Market Study: Evaluation of the Medtronic CoreValve System in a ""Real-World"" Patient Population.","Inclusion Criteria:

* Patients with severe aortic valve stenosis requiring treatment
* Patient is an acceptable candidate for elective treatment with the Medtronic CoreValve System and in conformity with the local regulatory and medico economical context
* Patient is above the minimum age as required by local regulations to be participating in a clinical study
* The patient or legal representative has been informed of the nature of the study and has consented to participate, and has authorized the collection and release of his/her medical information by signing a consent form (""Patient Informed Consent Form"")

Exclusion Criteria:

* Currently participating in another trial
* High probability of non-adherence to the follow-up requirements (due to social, psychological or medical reasons)
* Pregnancy","[""Patients with severe aortic valve stenosis requiring treatment"", ""Patient is an acceptable candidate for elective treatment with the Medtronic CoreValve System and in conformity with the local regulatory and medico economical context"", ""Patient is above the minimum age as required by local regulations to be participating in a clinical study"", ""The patient or legal representative has been informed of the nature of the study and has consented to participate, and has authorized the collection and release of his/her medical information by signing a consent form (\""Patient Informed Consent Form\"")""]","[""Currently participating in another trial"", ""High probability of non-adherence to the follow-up requirements (due to social, psychological or medical reasons)"", ""Pregnancy""]"
NCT01437098,Clinical Evaluation of MDT-2111 in Subjects With Symptomatic Severe Aortic Stenosis,"Inclusion Criteria:

1. Subject must have co-morbidities such that one cardiologist and one cardiac surgeons agree that medical factors preclude operation, based on a conclusion that the probability of death or serious morbidity exceeds the probability of meaningful improvement.
2. Subject has senile degenerative aortic valve stenosis with:

   mean gradient \> 40 mmHg or jet velocity greater than 4.0 m/s by either resting or dobutamine stress echocardiogram, or simultaneous pressure recordings at cardiac catheterization (either resting or dobutamine stress), AND an initial aortic valve area of ≤ 0.8 cm² (or aortic valve area index ≤ 0.5 cm²/m²) by resting echocardiogram.
3. Subject is symptomatic from his/her aortic valve stenosis, as demonstrated by NYHA Functional Class Class III or greater. If screening committee agrees the eligibility of a patient with class II , based on medical factors, he/she can be enrolled.
4. Subject has been informed of the nature of the trial and has signed an Informed Consent Form.
5. Subject agrees to comply with specified follow-up evaluations and to return to the same investigational site where the procedure was performed.

Exclusion Criteria:

1. Evidence of an acute myocardial infarction ≤ 30 days prior to the intended treatment.
2. Any percutaneous coronary or peripheral interventional procedure performed within 30 days prior to the procedure.
3. Blood dyscrasias as defined:

   * Leukopenia (WBC count \< 1,000 cells/mm³)
   * Thrombocytopenia (platelet count \<50,000 cells/mm³)
   * History of bleeding diathesis or coagulopathy
   * Hypercoagulable states
4. Untreated clinically significant coronary artery disease requiring revascularization.
5. Cardiogenic shock manifested by low cardiac output, vasopressor dependence, or mechanical hemodynamic support.
6. Need for emergency surgery for any reason.
7. Severe ventricular dysfunction with left ventricular ejection fraction (LVEF) \< 20% as measured by resting echocardiogram.
8. Recent (within 6 months) cerebrovascular accident (CVA) or transient ischemic attack(TIA).
9. End stage renal disease requiring chronic dialysis.
10. GI bleeding within the past 3 months.
11. A known hypersensitivity or contraindication to any of the following which cannot be adequately pre-medicated:

    * Aspirin
    * Ticlopidine
    * Heparin
    * Contrast media
    * Nitinol (titanium and nickel alloy)
12. Ongoing sepsis, including active endocarditis.
13. Subject refuses a blood transfusion.
14. Life expectancy \< 12 months due to associated non-cardiac co-morbid conditions.
15. Other medical, social, or psychological conditions that in the opinion of an Investigator precludes the subject from appropriate consent.
16. Severe dementia (resulting in either inability to provide informed consent for the trial/procedure, prevents independent lifestyle outside of a chronic care facility, or will fundamentally complicate rehabilitation from the procedure or compliance with follow-up visits).
17. Currently participating in an investigational drug or another device trial. Note: Trials requiring extended follow-up for products that were investigational, but have since become commercially available, are not considered investigational trials.
18. Symptomatic carotid or vertebral artery disease.
19. Native aortic annulus size \< 20 mm or \> 27 mm per the screening diagnostic imaging.
20. Pre-existing prosthetic heart valve in any position.
21. Mixed aortic valve disease (aortic stenosis and aortic regurgitation with predominant aortic regurgitation).
22. Mitral regurgitation (moderate to severe) or severe tricuspid regurgitation.
23. Moderate to severe mitral stenosis.
24. Hypertrophic obstructive cardiomyopathy.
25. Echocardiographic evidence of intracardiac mass, thrombus or vegetation.
26. Severe basal septal hypertrophy with an outflow gradient.
27. Ascending aorta diameter \> 43 mm (in case of the aortic annulus is 23-27 mm) unless the aortic annulus is 20-23 mm in which case the ascending aorta diameter \> 40 mm.
28. Congenital bicuspid or unicuspid valve verified by echocardiography.
29. For patients with native coronary artery dependent circulation:

    * Sinus of valsalva width \< 29 mm unless the aortic annulus is 20-23 mm, in which case the sinus of valsalva width \< 27 mm, OR
    * Height of the left or right coronary sinus of valsalva (to the tubular aorta) \< 15mm.
30. Femoral or iliac artery of the first choice corresponding to any one of the followings:

    * Angle at aortic root (the angle between aortic valve annulus plane and horizontal plane/vertebra) exceeds 70°.
    * Vessel diameter of femoral or iliac artery is less than 6 mm.
    * Aorta has severe calcification, excess tortuosity or severe atherosclerosis.
    * Transarterial access not able to accommodate an 18Fr sheath.
31. Subclavian artery of the second choice corresponding to any one of the followings:

    * Angle at aortic root (the angle between aortic valve annulus plane and horizontal plane/vertebra) exceeds 70° (in the case of left subclavian artery) and 30° (in the case of right subclavian artery).
    * Vessel diameter of subclavian artery is less than 6 mm.
    * Transarterial access not able to accommodate an 18Fr sheath.
32. Direct Aortic Artery as third line choice of access. Patients are excluded from Direct Aortic access if:

    * Access site is less than 6 cm from the aortic valve basal plane
    * Access site has calcification or porcelain aorta
    * Access site and delivery trajectory contain RIMA or patent RIMA graft","[""Subject must have co-morbidities such that one cardiologist and one cardiac surgeons agree that medical factors preclude operation, based on a conclusion that the probability of death or serious morbidity exceeds the probability of meaningful improvement."", ""Subject has senile degenerative aortic valve stenosis with: mean gradient > 40 mmHg or jet velocity greater than 4.0 m/s by either resting or dobutamine stress echocardiogram, or simultaneous pressure recordings at cardiac catheterization (either resting or dobutamine stress), AND an initial aortic valve area of \u2264 0.8 cm\u00b2 (or aortic valve area index \u2264 0.5 cm\u00b2/m\u00b2) by resting echocardiogram."", ""Subject is symptomatic from his/her aortic valve stenosis, as demonstrated by NYHA Functional Class Class III or greater. If screening committee agrees the eligibility of a patient with class II , based on medical factors, he/she can be enrolled."", ""Subject has been informed of the nature of the trial and has signed an Informed Consent Form."", ""Subject agrees to comply with specified follow-up evaluations and to return to the same investigational site where the procedure was performed.""]","[""Evidence of an acute myocardial infarction \n\n\u2264 30 days prior to the intended treatment."", ""Any percutaneous coronary or peripheral interventional procedure performed within 30 days prior to the procedure."", ""Blood dyscrasias as defined: Leukopenia (WBC count < 1,000 cells/mm\u00b3) Thrombocytopenia (platelet count <50,000 cells/mm\u00b3) History of bleeding diathesis or coagulopathy Hypercoagulable states"", ""Untreated clinically significant coronary artery disease requiring revascularization."", ""Cardiogenic shock manifested by low cardiac output, vasopressor dependence, or mechanical hemodynamic support."", ""Need for emergency surgery for any reason."", ""Severe ventricular dysfunction with left ventricular ejection fraction (LVEF) < 20% as measured by resting echocardiogram."", ""Recent (within 6 months) cerebrovascular accident (CVA) or transient ischemic attack(TIA)."", ""End stage renal disease requiring chronic dialysis."", ""GI bleeding within the past 3 months."", ""A known hypersensitivity or contraindication to any of the following which cannot be adequately pre-medicated: Aspirin Ticlopidine Heparin Contrast media Nitinol (titanium and nickel alloy)"", ""Ongoing sepsis, including active endocarditis."", ""Subject refuses a blood transfusion."", ""Life expectancy < 12 months due to associated non-cardiac co-morbid conditions."", ""Other medical, social, or psychological conditions that in the opinion of an Investigator precludes the subject from appropriate consent."", ""Severe dementia (resulting in either inability to provide informed consent for the trial/procedure, prevents independent lifestyle outside of a chronic care facility, or will fundamentally complicate rehabilitation from the procedure or compliance with follow-up visits)."", ""Currently participating in an investigational drug or another device trial. Note: Trials requiring extended follow-up for products that were investigational, but have since become commercially available, are not considered investigational trials."", ""Symptomatic carotid or vertebral artery disease."", ""Native aortic annulus size < 20 mm or > 27 mm per the screening diagnostic imaging."", ""Pre-existing prosthetic heart valve in any position."", ""Mixed aortic valve disease (aortic stenosis and aortic regurgitation with predominant aortic regurgitation)."", ""Mitral regurgitation (moderate to severe) or severe tricuspid regurgitation."", ""Moderate to severe mitral stenosis."", ""Hypertrophic obstructive cardiomyopathy."", ""Echocardiographic evidence of intracardiac mass, thrombus or vegetation."", ""Severe basal septal hypertrophy with an outflow gradient."", ""Ascending aorta diameter > 43 mm (in case of the aortic annulus is 23-27 mm) unless the aortic annulus is 20-23 mm in which case the ascending aorta diameter > 40 mm."", ""Congenital bicuspid or unicuspid valve verified by echocardiography."", ""For patients with native coronary artery dependent circulation: Sinus of valsalva width < 29 mm unless the aortic annulus is 20-23 mm, in which case the sinus of valsalva width < 27 mm, OR Height of the left or right coronary sinus of valsalva (to the tubular aorta) < 15mm."", ""Femoral or iliac artery of the first choice corresponding to any one of the followings: Angle at aortic root (the angle between aortic valve annulus plane and horizontal plane/vertebra) exceeds 70\u00b0. Vessel diameter of femoral or iliac artery is less than 6 mm. Aorta has severe calcification, excess tortuosity or severe atherosclerosis. Transarterial access not able to accommodate an 18Fr sheath."", ""Subclavian artery of the second choice corresponding to any one of the followings: Angle at aortic root (the angle between aortic valve annulus plane and horizontal plane/vertebra) exceeds 70\u00b0 (in the case of left subclavian artery) and 30\u00b0 (in the case of right subclavian artery). Vessel diameter of subclavian artery is less than 6 mm. Transarterial access not able to accommodate an 18Fr sheath."", ""Direct Aortic Artery as third line choice of access. Patients are excluded from Direct Aortic access if: Access site is less than 6 cm from the aortic valve basal plane Access site has calcification or porcelain aorta Access site and delivery trajectory contain RIMA or patent RIMA graft""]"
NCT01589913,"Remote Care for Reducing Cardiac Fear, Fear of Dying, Depression, and Increasing Quality of Life in ICD-Patients With Cardiac Insufficiency/at Risk for Fatal Cardiac Arrhythmia.","Inclusion Criteria:

* Implanted ICD
* Internet access can be installed during completion of the prevention program

Exclusion Criteria:

* Medical reasons preventing participation of the prevention program (e.g. emergency hospitalization) for more than one week of the program
* Suicidality (Patients with scores \> 8 on the depression subscale of the HADS will be assessed via interviews conducted by a qualified psychologist)
* Severe cognitive impairment (\< 17 points in the MMST; Kessler, J., Markowitsch, H. J. \& Denzler, P. (2000). Mini-Mental-Status-Test (MMST). Göttingen: Beltz Test GMBH. \[Deutsche Adaption\])
* Insufficient command of German to follow the intervention program
* Current ICD-10 diagnosis:
* F1x: Mental and behavioral disorders due to psychoactive substance use
* F2x: Schizophrenia, schizotypal and delusional disorders
* F30: Manic Episode
* F31: Bipolar affective disorder","[""Implanted ICD"", ""Internet access can be installed during completion of the prevention program""]","[""Medical reasons preventing participation of the prevention program (e.g. emergency hospitalization) for more than one week of the program"", ""Suicidality (Patients with scores > 8 on the depression subscale of the HADS will be assessed via interviews conducted by a qualified psychologist)"", ""Severe cognitive impairment (< 17 points in the MMST; Kessler, J., Markowitsch, H. J. & Denzler, P. (2000). Mini-Mental-Status-Test (MMST). G\n\n\u00f6ttingen: Beltz Test GMBH. [Deutsche Adaption])"", ""Insufficient command of German to follow the intervention program"", ""Current ICD-10 diagnosis: F1x: Mental and behavioral disorders due to psychoactive substance use"", ""Current ICD-10 diagnosis: F2x: Schizophrenia, schizotypal and delusional disorders"", ""Current ICD-10 diagnosis: F30: Manic Episode"", ""Current ICD-10 diagnosis: F31: Bipolar affective disorder""]"
NCT00214513,"Maintain. A Randomized Trial of Effect of Low-Cost Maintenance Training on Exercise Capacity, Quality of Life and Morbidity","Inclusion Criteria:

1. NYHA II-IV
2. Ejection Fraction ≤45% assessed by echocardiography within the last 6 months
3. Optimal medical treatment according to guidelines
4. Informed consent -

Exclusion Criteria:

1. Hæmodynamically significant obstructive heart valve disease
2. Hæmodynamically significant valve insufficiency
3. Recent Myocardial infarction (8 weeks)
4. Significant arrythmia at exercise testing (NSVT, VT, VF or SVT with ventricular action \>150)
5. Significant ischaemia or angina at low strain(£ 50 W)
6. Disabilities that render physical training impossible
7. Dementia
8. Serious other illness with expected shortened survival
9. Participation in other scientific protocols that do not allow participation
10. Lack of informed consent
11. If the patient cannot train in a team supervised by only one physiotherapist, e.g. due to poor balance, the patient can be excluded within the first two weeks of inclusion.","[""NYHA II-IV"", ""Ejection Fraction \u226445% assessed by echocardiography within the last 6 months"", ""Optimal medical treatment according to guidelines"", ""Informed consent""]","[""H\u00e6modynamically significant obstructive heart valve disease"", ""H\u00e6modynamically significant valve insufficiency"", ""Recent Myocardial infarction (8 weeks)"", ""Significant arrythmia at exercise testing (NSVT, VT, VF or SVT with ventricular action >150)"", ""Significant ischaemia or angina at low strain(\u00a3 50 W)"", ""Disabilities that render physical training impossible"", ""Dementia"", ""Serious other illness with expected shortened survival"", ""Participation in other scientific protocols that do not allow participation"", ""Lack of informed consent"", ""If the patient cannot train in a team supervised by only one physiotherapist, e.g. due to poor balance, the patient can be excluded within the first two weeks of inclusion.""]"
NCT01043991,Intracoronary Injection of Epo During Reperfusion in Patients Hospitalized for First Acute Myocardial Infarct STEMI,"Inclusion Criteria:

* ACS with persistent ST elevation
* First episode
* Symptoms onset \< 12 hours
* Eligible for angioplasty
* Culprit coronary artery occluded (TIMI flow 0-1) at admission, and then adequately reperfused (TIMI flow 2-3) prior to EPO injection

Exclusion Criteria:

* Cardiogenic shock
* Cardiac arrest
* Currently receiving EPO
* Pregnancy","[""ACS with persistent ST elevation"", ""First episode"", ""Symptoms onset < 12 hours"", ""Eligible for angioplasty"", ""Culprit coronary artery occluded (TIMI flow 0-1) at admission, and then adequately reperfused (TIMI flow 2-3) prior to EPO injection""]","[""Cardiogenic shock"", ""Cardiac arrest"", ""Currently receiving EPO"", ""Pregnancy""]"
NCT02155491,Global Anticoagulant Registry in the Field Observing Treatment and Outcomes in Patients With Treated Acute Venous Thromboembolic Events in the Real World,"Inclusion Criteria:

* Written informed consent
* Age 18 years and over
* Treated first time or recurrent DVT (lower or upper extremity), PE alone or overlapping DVT and PE confirmed by appropriate diagnostic methods (patients must be assessed for eligibility within 30 days of diagnosis)
* Patients included with recurrent VTE must have completed treatment for the previous VTE episode

Exclusion Criteria:

* Patients for whom long-term follow-up is not envisaged within the enrolling hospital or the associated primary care physician
* Patients participating in an interventional study that dictates treatments, visit frequency, or diagnostic procedures
* Patients with only superficial vein thrombosis (SVT)","[""Written informed consent"", ""Age 18 years and over"", ""Treated first time or recurrent DVT (lower or upper extremity), PE alone or overlapping DVT and PE confirmed by appropriate diagnostic methods (patients must be assessed for eligibility within 30 days of diagnosis)"", ""Patients included with recurrent VTE must have completed treatment for the previous VTE episode""]","[""Patients for whom long-term follow-up is not envisaged within the enrolling hospital or the associated primary care physician"", ""Patients participating in an interventional study that dictates treatments, visit frequency, or diagnostic procedures"", ""Patients with only superficial vein thrombosis (SVT)""]"
NCT01648634,"A Randomized, Double-Blind, Placebo-Controlled, Multi-center Study to Examine the Effect of Nebivolol, a Beta-Blockade Drug, for the Prevention of Ventricular Systolic Dysfunction in Patients With Duchenne Muscular Dystrophy","Inclusion Criteria:

* Duchenne muscular dystrophy genetically proven
* Age between 10 and 15 years
* Left ventricular ejection fraction assessed by radionuclide angiography or echocardiography ≥50% and measured within 3 months
* Systolic blood pressure ≥80 mmHg
* Diastolic blood pressure ≥70 mmHg

Exclusion Criteria:

* Heart rate \<50 bpm
* 2nd or 3rd degree atrioventricular blocks, sinus node dysfunction
* Asthma or bronchospasm
* Severe peripheral circulatory disease
* Hypersensitivity to nebivolol or excipients
* Metabolic acidosis
* Blood urea \>7 mmol/l
* Liver transaminases enzymes \>6 fold the upper limit of normal
* Formal indication for beta-blockade treatment
* Cardiac treatments except angiotensin-converting enzyme inhibitors
* Participation to another clinical trial within 3 months","[""Duchenne muscular dystrophy genetically proven"", ""Age between 10 and 15 years"", ""Left ventricular ejection fraction assessed by radionuclide angiography or echocardiography \"">=50%\"" and measured within 3 months"", ""Systolic blood pressure \"">=80 mmHg\"""", ""Diastolic blood pressure \"">=70 mmHg\""""]","[""Heart rate <50 bpm"", ""2nd or 3rd degree atrioventricular blocks, sinus node dysfunction"", ""Asthma or bronchospasm"", ""Severe peripheral circulatory disease"", ""Hypersensitivity to nebivolol or excipients"", ""Metabolic acidosis"", ""Blood urea >7 mmol/l"", ""Liver transaminases enzymes >6 fold the upper limit of normal"", ""Formal indication for beta-blockade treatment"", ""Cardiac treatments except angiotensin-converting enzyme inhibitors"", ""Participation to another clinical trial within 3 months""]"
NCT01981655,"A Phase 2, Randomised, Single-Blind, Placebo-controlled Study of Half Molar Sodium Lactate Solution in the Treatment of Subjects With Acute Heart Failure","Inclusion Criteria:

* Age: more than 18 years
* Heart failure criteria:

Left heart failure: as evidenced by 2 out of 3:

* Left ventricular ejection fraction (LVEF) ≤ 40% and cardiac index ≤ 2.5 L/min/m2
* Acute pulmonary oedema of cardiac origin or mechanical ventilation (including CPAP/BIPAP) for respiratory failure of predominantly cardiac origin
* Need for inotropes/vasopressors for cardiac pump failure OR

Right heart failure: as evidenced by 1 out of 2:

* Bilateral leg oedema above ankles
* RV failure (low tricuspid annular plane systolic excursion (TAPSE), dilated floppy RV)
* Poor peripheral perfusion as evidenced by 2 out of 3:

Cold mottled skin Low urine output Acutely clouded sensorium/poor mentation

* Consent obtained from patient or patient's next of kin.

Exclusion Criteria:

* Hypernatremia: \[Na\] \>145 mmol/L
* Diagnosed hypertrophic obstructive cardiomyopathy
* Uncorrected severe valvular heart disease
* Documented third degree heart block, sustained ventricular tachycardia
* Documented cardiac tamponade
* Septic shock
* Acute respiratory distress syndrome (ARDS)
* Moribund patients likely to die before 24h
* Patients with major diseases of limited prognosis such as end stage cancer,end-stage liver failure, end stage dialysis dependent renal failure
* Patients with absolute indication for acute hemodialysis/hemofiltration (pH, K, urea \> 35 mmol/L, severe fluid overload in the presence of oliguria \< 200 mL/6h.
* Known pregnancy","[""Age: more than 18 years"", ""Heart failure criteria: Left heart failure: as evidenced by 2 out of 3: Left ventricular ejection fraction (LVEF) \nG 40% and cardiac index \nG 2.5 L/min/m2"", ""Heart failure criteria: Left heart failure: as evidenced by 2 out of 3: Acute pulmonary oedema of cardiac origin or mechanical ventilation (including CPAP/BIPAP) for respiratory failure of predominantly cardiac origin"", ""Heart failure criteria: Left heart failure: as evidenced by 2 out of 3: Need for inotropes/vasopressors for cardiac pump failure"", ""Heart failure criteria: Right heart failure: as evidenced by 1 out of 2: Bilateral leg oedema above ankles"", ""Heart failure criteria: Right heart failure: as evidenced by 1 out of 2: RV failure (low tricuspid annular plane systolic excursion (TAPSE), dilated floppy RV)"", ""Poor peripheral perfusion as evidenced by 2 out of 3: Cold mottled skin"", ""Poor peripheral perfusion as evidenced by 2 out of 3: Low urine output"", ""Poor peripheral perfusion as evidenced by 2 out of 3: Acutely clouded sensorium/poor mentation"", ""Consent obtained from patient or patient's next of kin.""]","[""Hypernatremia: [Na] >145 mmol/L"", ""Diagnosed hypertrophic obstructive cardiomyopathy"", ""Uncorrected severe valvular heart disease"", ""Documented third degree heart block, sustained ventricular tachycardia"", ""Documented cardiac tamponade"", ""Septic shock"", ""Acute respiratory distress syndrome (ARDS)"", ""Moribund patients likely to die before 24h"", ""Patients with major diseases of limited prognosis such as end stage cancer,end-stage liver failure, end stage dialysis dependent renal failure"", ""Patients with absolute indication for acute hemodialysis/hemofiltration (pH, K, urea > 35 mmol/L, severe fluid overload in the presence of oliguria < 200 mL/6h."", ""Known pregnancy""]"
NCT04686604,PRagmatic Trial Of Messaging to Providers About Treatment of Heart Failure in the Inpatient Setting,"Inclusion Criteria:

* Adults ≥18 years admitted to a hospital within the Yale New Haven Hospital system (either Yale New Haven Hospital, St. Raphael's Campus, Greenwich Hospital, or Bridgeport Hospital).
* Have HFrEF defined as:

  1. NT-pro-BNP \>500 pg/ml within 24 hours of admission
  2. On IV loop diuretic within 24 hours of admission
  3. Left ventricular ejection fraction ≤40% (most recent)

Exclusion Criteria:

* Patients within 48 hours of admission
* Patients in the intensive care unit
* Patients on hospice service
* Patients receiving intravenous milrinone
* Patient on NPO (nothing by mouth) order
* Patients on all evidence based medical therapy for HFrEF (on all 4 classes of evidence based medical therapy: beta-blockers, ACEi/ARB/ARNI, MRA, SGLT2i)
* Opted out of medical record research","[""Adults \"">\""=18 years admitted to a hospital within the Yale New Haven Hospital system (either Yale New Haven Hospital, St. Raphael's Campus, Greenwich Hospital, or Bridgeport Hospital)."", ""Have HFrEF defined as: 1. NT-pro-BNP \"">\""500 pg/ml within 24 hours of admission 2. On IV loop diuretic within 24 hours of admission 3. Left ventricular ejection fraction \""<=\""40% (most recent)""]","[""Patients within 48 hours of admission"", ""Patients in the intensive care unit"", ""Patients on hospice service"", ""Patients receiving intravenous milrinone"", ""Patient on NPO (nothing by mouth) order"", ""Patients on all evidence based medical therapy for HFrEF (on all 4 classes of evidence based medical therapy: beta-blockers, ACEi/ARB/ARNI, MRA, SGLT2i)"", ""Opted out of medical record research""]"
NCT00568165,Value of a Mobile Team of Cardiologist Using Echocardiography for Managing Patients With Acute Heart Failure,"Inclusion Criteria:

* Hospitalized for suspected heart failure
* \> or = 18 years

Exclusion Criteria:

* Refuses to participate","[""Hospitalized for suspected heart failure"", ""> or = 18 years""]","[""Refuses to participate""]"
NCT00551681,"Effects of Left Ventricular Pacing Optimilization on Cardiac Perfusion, Contractile Force, and Clinical Performance in Patients With Ventricular Dysfunction and Heart Failure","Inclusion Criteria:

* Heart failure NYHA III or IV
* QRS duration \>120msec or, when paced \> 200msec on 12-lead ECG
* LBBB on ecg
* LV ejection fraction 35% or less
* LV dyssynchony on echocardiography

Exclusion Criteria:

* Severe (drug refractory) heart failure with short (\<6 months) life expectancy.
* Permanent or persistent atrial fibrillation
* Other indications for cardiac surgery within 6 months
* Life expectancy less than one year due to other conditions
* Major contra-indication for general anaesthesia
* Participation in another study
* Pregnancy or the desire to become pregnant during the follow up of the study.","[""Heart failure NYHA III or IV"", ""QRS duration >120msec or, when paced > 200msec on 12-lead ECG"", ""LBBB on ecg"", ""LV ejection fraction 35% or less"", ""LV dyssynchony on echocardiography""]","[""Severe (drug refractory) heart failure with short (<6 months) life expectancy."", ""Permanent or persistent atrial fibrillation"", ""Other indications for cardiac surgery within 6 months"", ""Life expectancy less than one year due to other conditions"", ""Major contra-indication for general anaesthesia"", ""Participation in another study"", ""Pregnancy or the desire to become pregnant during the follow up of the study.""]"
NCT00475709,"An Observational, Prospective Evaluation of the Trifecta Valve","Inclusion Criteria:

* Requires aortic valve replacement (heart surgery such as bypass is allowed at the same time).
* Legal age.
* Signed informed consent prior to surgery.
* Willing to complete all follow-up requirements.

Exclusion Criteria:

* Pregnant or nursing women.
* Have already had a valve replaced other than the aortic valve.
* Needs another valve replaced.
* Cannot return for required follow-up visits.
* Have active endocarditis.
* Acute preoperative neurological event (such as a stroke).
* Renal dialysis.
* History of substance abuse within one year, or a prison inmate.
* Participating in another study.
* Life expectancy less than two years.","[""Requires aortic valve replacement (heart surgery such as bypass is allowed at the same time)."", ""Legal age."", ""Signed informed consent prior to surgery."", ""Willing to complete all follow-up requirements.""]","[""Pregnant or nursing women."", ""Have already had a valve replaced other than the aortic valve."", ""Needs another valve replaced."", ""Cannot return for required follow-up visits."", ""Have active endocarditis."", ""Acute preoperative neurological event (such as a stroke)."", ""Renal dialysis."", ""History of substance abuse within one year, or a prison inmate."", ""Participating in another study."", ""Life expectancy less than two years.""]"
NCT02831608,"Influenza Vaccination After Myocardial Infarction (IAMI Trial): A Multicenter, Prospective, Randomized Controlled Clinical Trial Based on National Angiography and Angioplasty Registries","Inclusion Criteria:

* Patients with a diagnosis of ST-elevation myocardial infarction (STEMI) or
* Patients with a diagnosis of non-STEMI or
* Patients with stable coronary artery disease ≥75 years of age undergoing angiography/PCI AND with at least one additional risk criterion

and

* A finalized coronary angiography/PCI (optional for sites in Bangladesh).
* Male or female subjects ≥18 years.
* Written informed consent.

Exclusion Criteria:

* Influenza vaccination during the current influenza season or anticipating to be vaccinated during the current influenza season.
* Indication for influenza vaccination for some indication other than myocardial infarction.
* Severe allergy to eggs or previous allergic reaction to influence vaccine.
* Suspicion of febrile illness or acute, ongoing infection.
* Hypersensitivity to the active substances or ingredients of Vaxigrip or against any residues, such as eggs (ovalbumin or chicken proteins), neomycin, formaldehyde and octoxinol.
* Subjects with endogenic or iatrogenic immunosuppression that may result in reduced immunization response.
* Inability to provide informed consent.
* Age below 18 years.
* Previous randomization in the IAMI trial.","[""Patients with a diagnosis of ST-elevation myocardial infarction (STEMI) or"", ""Patients with a diagnosis of non-STEMI or"", ""Patients with stable coronary artery disease \"">=75 years of age undergoing angiography/PCI AND with at least one additional risk criterion"", ""A finalized coronary angiography/PCI (optional for sites in Bangladesh)."", ""Male or female subjects \"">=18 years."", ""Written informed consent.""]","[""Influenza vaccination during the current influenza season or anticipating to be vaccinated during the current influenza season."", ""Indication for influenza vaccination for some indication other than myocardial infarction."", ""Severe allergy to eggs or previous allergic reaction to influence vaccine."", ""Suspicion of febrile illness or acute, ongoing infection."", ""Hypersensitivity to the active substances or ingredients of Vaxigrip or against any residues, such as eggs (ovalbumin or chicken proteins), neomycin, formaldehyde and octoxinol."", ""Subjects with endogenic or iatrogenic immunosuppression that may result in reduced immunization response."", ""Inability to provide informed consent."", ""Age below 18 years."", ""Previous randomization in the IAMI trial.""]"
NCT07284212,A Prospective Multicenter Cohort Study on Surgical Treatment Strategies for Pediatric Mitral Regurgitation,"Inclusion Criteria:

* Age \< 14 years
* No prior mitral valve surgery
* Preoperative echocardiography demonstrating moderate or severe mitral regurgitation

Exclusion Criteria:

* Concomitant cardiac malformations unable to be corrected simultaneously
* Moderate or severe mitral stenosis
* Ischemic mitral regurgitation
* Severe leaflet dysplasia precluding adequate coaptation
* Connective tissue disorders(e.g., Barlow's disease, Marfan syndrome)
* Any type of cardiomyopathy
* Single ventricle physiology or common atrioventricular valve","[""Age < 14 years"", ""No prior mitral valve surgery"", ""Preoperative echocardiography demonstrating moderate or severe mitral regurgitation""]","[""Concomitant cardiac malformations unable to be corrected simultaneously"", ""Moderate or severe mitral stenosis"", ""Ischemic mitral regurgitation"", ""Severe leaflet dysplasia precluding adequate coaptation"", ""Connective tissue disorders(e.g., Barlow's disease, Marfan syndrome)"", ""Any type of cardiomyopathy"", ""Single ventricle physiology or common atrioventricular valve""]"
NCT02666235,A Randomised Controlled Trial of the Effect of Remote Ischaemic Conditioning on Coronary Endothelial Function in Patients with Angina.,"Inclusion Criteria:

1. Age 18 or over
2. Known or suspected coronary artery disease
3. A clinical indication for coronary angiography.

Exclusion Criteria:

1. Myocardial infarction within 2 weeks
2. History of coronary artery bypass surgery
3. Second or third degree atrioventricular block
4. Written informed consent.","[""Age 18 or over"", ""Known or suspected coronary artery disease"", ""A clinical indication for coronary angiography""]","[""Myocardial infarction within 2 weeks"", ""History of coronary artery bypass surgery"", ""Second or third degree atrioventricular block"", ""Written informed consent""]"
NCT03815032,Assessing the Accuracy of the OptoWire DeuxTM in a Wire to Wire Comparison,"Inclusion Criteria:

* Single de novo coronary lesion or in-stent restenosis lesion with an operator assessed reference diameter ≥2.0 mm requiring FFR measurement based on the operator's clinical judgment

Exclusion Criteria:

* Patients with ST-segment-elevation myocardial infarction (STEMI), culprit lesion of non-ST-segment-elevation myocardial infarction (NSTEMI), New York Heart Association class IV heart failure, suspected or visible thrombus, dissection or excessive calcification or tortuosity in the target vessel, or a stenosis in a bypass graft will be excluded.","[""Single de novo coronary lesion or in-stent restenosis lesion with an operator assessed reference diameter \u22652.0 mm requiring FFR measurement based on the operator's clinical judgment""]","[""Patients with ST-segment-elevation myocardial infarction (STEMI), culprit lesion of non-ST-segment-elevation myocardial infarction (NSTEMI), New York Heart Association class IV heart failure, suspected or visible thrombus, dissection or excessive calcification or tortuosity in the target vessel, or a stenosis in a bypass graft will be excluded.""]"
NCT04354610,Prediction of Acute Heart or Kidney Injury With Cardiovascular-renal Biomarkers in Patients Hospitalised for Severe or Critical Covid-19 Infection,"Inclusion Criteria:

* Patients over the age of 18,
* Admission for less than 3 days in the medical service (or in intensive care) for proven serious form of Covid 19 infection (respiratory rate \>30 / min, or desaturation in air ≤ 93%, or PaO2 / FiO2 ≤ 300mmHg)
* OR Admission for less than 2 days in intensive care (or resuscitation intensive care) for critical form of Covid 19 (shock or respiratory failure).
* GFR greater than 30 ml / min / 1.73m2.
* Troponin \<99th percentile.
* Patient affiliated to a social security scheme or beneficiary of such a scheme
* The patient or their representative received complete information on the study and signed and dated the emergency situation informed consent/inclusion form in accordance with article L1122-1-3 of the French Public Health Code (Code de la Santé Publique).

Exclusion Criteria:

Exclusion criterion for patients taking part in clinical research.

* AKI KDIGO grade 1 on the day of visit 1
* Pregnant women, parturient, or nursing mothers
* A person of full age subject to a legal protection measure (guardianship, curatorship, safeguard of justice)
* Person deprived of their liberty by a judicial or administrative decision,
* Person undergoing psychiatric treatment under articles L. 3212-1 and L. 3213-1 of the Public Health Code.","[""Patients over the age of 18"", ""Admission for less than 3 days in the medical service (or in intensive care) for proven serious form of Covid 19 infection (respiratory rate >30 / min, or desaturation in air \""u2264\"" 93%, or PaO2 / FiO2 \"">u2264\"" 300mmHg)"", ""OR Admission for less than 2 days in intensive care (or resuscitation intensive care) for critical form of Covid 19 (shock or respiratory failure)"", ""GFR greater than 30 ml / min / 1.73m2"", ""Troponin \""<\""99th percentile"", ""Patient affiliated to a social security scheme or beneficiary of such a scheme"", ""The patient or their representative received complete information on the study and signed and dated the emergency situation informed consent/inclusion form in accordance with article L1122-1-3 of the French Public Health Code (Code de la Sant\u00e9 Publique).""]","[""AKI KDIGO grade 1 on the day of visit 1"", ""Pregnant women, parturient, or nursing mothers"", ""A person of full age subject to a legal protection measure (guardianship, curatorship, safeguard of justice)"", ""Person deprived of their liberty by a judicial or administrative decision"", ""Person undergoing psychiatric treatment under articles L. 3212-1 and L. 3213-1 of the Public Health Code.""]"
NCT06118489,"Evaluation of the Effects of Different Anesthetic Gases on Hemodynamics, Arterial Oxygenation and Pulmonary Mechanics in Spinal Surgery.","Inclusion Criteria:

* 18-65 years old
* ASA1-2
* Patients planned to undergo spinal surgery

Exclusion Criteria:

* 1 - Lung disease
* BMI 35 and above
* Smokers
* Those under the age of 18 and over the age of 65
* Hepatorenal disease
* Reynaud's disease
* Burger disease
* Hypotensive patient
* Neuromuscular disease
* Those who have had thoracic surgery before
* Those with bad Allen test results","[""18-65 years old"", ""ASA1-2"", ""Patients planned to undergo spinal surgery""]","[""Lung disease"", ""BMI 35 and above"", ""Smokers"", ""Those under the age of 18 and over the age of 65"", ""Hepatorenal disease"", ""Reynaud's disease"", ""Burger disease"", ""Hypotensive patient"", ""Neuromuscular disease"", ""Those who have had thoracic surgery before"", ""Those with bad Allen test results""]"
NCT00132886,"Multi-center, Randomized, Double-blind, Placebo-controlled Study to Evaluate the Effect of Single Oral Tolvaptan Tablets on Hemodynamic Parameters in Subjects With Heart Failure","Inclusion Criteria:

* Diagnosed with Class III or IV heart failure for at least 3 months
* Left ventricular ejection fraction less than or equal to 40%
* Currently being treated for heart failure with standard therapies for at least one month

Exclusion Criteria:

* Women who are pregnant or breastfeeding
* Inability to take oral medications
* Uncontrolled hypertension, bradyarrhythmias or tachyarrhythmias
* Hypertrophic obstructive cardiomyopathy
* Severe obstructive pulmonary disease
* Significant renal impairment
* Significant uncorrected valvular or congenital heart disease","[""Diagnosed with Class III or IV heart failure for at least 3 months"", ""Left ventricular ejection fraction less than or equal to 40%"", ""Currently being treated for heart failure with standard therapies for at least one month""]","[""Women who are pregnant or breastfeeding"", ""Inability to take oral medications"", ""Uncontrolled hypertension, bradyarrhythmias or tachyarrhythmias"", ""Hypertrophic obstructive cardiomyopathy"", ""Severe obstructive pulmonary disease"", ""Significant renal impairment"", ""Significant uncorrected valvular or congenital heart disease""]"
NCT02301689,SchlaHF-XF- Register. Sleep Disordered Breathing in Heart Failure Register,"Inclusion Criteria:

* diagnose chronic heart failure, at least 3 months prior to diagnosis
* Age 18 years
* Signed informed consent

Exclusion Criteria:

* Existing Positive Airway Pressure (PAP) therapy or long-term oxygen therapy
* Lack of capacity to consent
* minors
* persons who are housed on judicial or administrative order in an institution
* pregnant and lactating women","[""diagnose chronic heart failure, at least 3 months prior to diagnosis"", ""Age 18 years"", ""Signed informed consent""]","[""Existing Positive Airway Pressure (PAP) therapy or long-term oxygen therapy"", ""Lack of capacity to consent"", ""minors"", ""persons who are housed on judicial or administrative order in an institution"", ""pregnant and lactating women""]"
NCT06115369,Examining the Impact of Medically Tailored Meals vs Produce Supplements Delivered Conditionally vs Not on Health Engagement and Health Outcomes Among Patients With Heart Failure,"Inclusion Criteria:

* Adults over 18 years age with a recent hospitalization for acute decompensated HF

Exclusion Criteria:

* Baseline hyperkalemia with K \> 5.5 mEq/L or history of hyperkalemia requiring hospitalization for urgent treatment,
* Receipt of a heart transplant or left ventricular assist device,
* Use of inotropic therapy at hospital discharge,
* Discharge to a skilled nursing facility or long-term care facility that provides prepared patient meals, comorbidity with expected survival \< 6 months, and
* Inability to provide an address to receive produce shipments (including unhoused individuals or individuals residing in temporary housing shelters).
* Pregnancy","[""Adults over 18 years age with a recent hospitalization for acute decompensated HF""]","[""Baseline hyperkalemia with K > 5.5 mEq/L or history of hyperkalemia requiring hospitalization for urgent treatment"", ""Receipt of a heart transplant or left ventricular assist device"", ""Use of inotropic therapy at hospital discharge"", ""Discharge to a skilled nursing facility or long-term care facility that provides prepared patient meals, comorbidity with expected survival < 6 months, and"", ""Inability to provide an address to receive produce shipments (including unhoused individuals or individuals residing in temporary housing shelters)"", ""Pregnancy""]"
NCT03759925,Food as Medicine: Providing Medically Appropriate Meals to Patients After Discharge for Congestive Heart Failure Exacerbation,"Inclusion Criteria:

* Adults hospitalized at Zuckerberg San Francisco General Hospital (ZSFG) with acute decompensated heart failure/congestive heart failure exacerbation
* Adults with their primary residence within San Francisco
* Age: \>18 years old
* Languages: English or Spanish
* Housed at a location where they would be able to securely receive, store and reheat food

Exclusion Criteria:

* Patients with severe or critical aortic stenosis.
* Patients with six or more hospital admissions within the last twelve months
* Patients who are being discharged to a living facility that provides meals to residents.
* Patients who anticipate moving from their current housing situation to one that does not meet our inclusion criteria within six months of enrollment.
* Patients who are part of meal provision program that provides more than 7 meals a week to the patient.
* Patients who are unable to feed themselves and do not have adequate support to help them with feeding.
* Patients with limited physical, cognitive, or behavioral abilities that would interfere with their ability to follow-up with a study as determined by their ability to receive the Project Open Hand services and follow up with survey interviews
* Patients with anticipated life expectancy of less than a year.
* Patients who lack capacity to consent to a research study.
* Patients currently requiring dialysis or determined to be in need of dialysis in the next 6 months.
* Patients with severe allergies to eggs, soy, wheat, nuts, seeds, seed oils, pineapple, raisins, or certain vegetables such as onions (allergies are considered on a case-by-case basis in consultation with Project Open Hand).","[""Adults hospitalized at Zuckerberg San Francisco General Hospital (ZSFG) with acute decompensated heart failure/congestive heart failure exacerbation"", ""Adults with their primary residence within San Francisco"", ""Age: >18 years old"", ""Languages: English or Spanish"", ""Housed at a location where they would be able to securely receive, store and reheat food""]","[""Patients with severe or critical aortic stenosis."", ""Patients with six or more hospital admissions within the last twelve months"", ""Patients who are being discharged to a living facility that provides meals to residents."", ""Patients who anticipate moving from their current housing situation to one that does not meet our inclusion criteria within six months of enrollment."", ""Patients who are part of meal provision program that provides more than 7 meals a week to the patient."", ""Patients who are unable to feed themselves and do not have adequate support to help them with feeding."", ""Patients with limited physical, cognitive, or behavioral abilities that would interfere with their ability to follow-up with a study as determined by their ability to receive the Project Open Hand services and follow up with survey interviews"", ""Patients with anticipated life expectancy of less than a year."", ""Patients who lack capacity to consent to a research study."", ""Patients currently requiring dialysis or determined to be in need of dialysis in the next 6 months."", ""Patients with severe allergies to eggs, soy, wheat, nuts, seeds, seed oils, pineapple, raisins, or certain vegetables such as onions (allergies are considered on a case-by-case basis in consultation with Project Open Hand).""]"
NCT00321269,Depression and CHF in Outpatients,"Inclusion Criteria:

* Receiving treatment for NYHA Class 2-4 heart failure.
* Patients of the Iowa City, IA or Columbia, MO Veterans Affairs Medical Center Primary Care or Cardiac Care Clinics.
* Life expectancy greater than 6 months.
* Must speak English.
* Must possess a working telephone.

Exclusion Criteria:

* Presence of major psychiatric illness such as schizophrenia, bipolar disorder and substance abuse (PTSD patients are eligible).
* Life expectancy less than 3 months.
* Planned relocation to a nursing home.
* Marked visual or hearing impairment.","[""Receiving treatment for NYHA Class 2-4 heart failure."", ""Patients of the Iowa City, IA or Columbia, MO Veterans Affairs Medical Center Primary Care or Cardiac Care Clinics."", ""Life expectancy greater than 6 months."", ""Must speak English."", ""Must possess a working telephone.""]","[""Presence of major psychiatric illness such as schizophrenia, bipolar disorder and substance abuse (PTSD patients are eligible)."", ""Life expectancy less than 3 months."", ""Planned relocation to a nursing home."", ""Marked visual or hearing impairment.""]"
NCT06942871,Non-Invasive Lung Water Monitoring Guided by Remote Dielectric Sensing Technology in the Management of Patients With Pulmonary Hypertension,"Inclusion Criteria:

* Age ≥18 and ≤85 years, with no gender restriction;
* Hemodynamic confirmation of PH via right heart catheterization (RHC) (mean pulmonary arterial pressure \[mPAP\] \> 20 mmHg).

Exclusion Criteria:

* Thoracic deformities or injuries precluding proper device fit (e.g., severe scoliosis, flail chest);
* Inability to use the ReDS™ Pro non-invasive lung fluid monitor due to physical characteristics (height \<155 cm or \>190 cm; body mass index \[BMI\] \<22 kg/m² or \>39 kg/m²);
* Prior implantation of a left ventricular assist device or cardiac transplantation;
* Congenital cardiac anomalies or intrathoracic masses affecting right lung anatomy;
* Hemodynamic profiles inconsistent with PH.","[""Age \u226518 and \u226485 years, with no gender restriction"", ""Hemodynamic confirmation of PH via right heart catheterization (RHC) (mean pulmonary arterial pressure [mPAP] > 20 mmHg)""]","[""Thoracic deformities or injuries precluding proper device fit (e.g., severe scoliosis, flail chest)"", ""Inability to use the ReDS\u2122 Pro non-invasive lung fluid monitor due to physical characteristics (height <155 cm or >190 cm; body mass index [BMI] <22 kg/m\u00b2 or >39 kg/m\u00b2)"", ""Prior implantation of a left ventricular assist device or cardiac transplantation"", ""Congenital cardiac anomalies or intrathoracic masses affecting right lung anatomy"", ""Hemodynamic profiles inconsistent with PH""]"
NCT02068040,,"Inclusion Criteria:

* Medically Diagnosed Heart Failure with Ejection Fraction of \>55%
* BMI 27-32
* No Significant HbA1C fluctuations in past 6 months

Exclusion Criteria:

* Smoking or quit smoking less than 1 year prior to enrollment
* Substance Abuse
* Taking Coudmadin or Pradaxa","[""Medically Diagnosed Heart Failure with Ejection Fraction of >55%"", ""BMI 27-32"", ""No Significant HbA1C fluctuations in past 6 months""]","[""Smoking or quit smoking less than 1 year prior to enrollment"", ""Substance Abuse"", ""Taking Coudmadin or Pradaxa""]"
NCT03400553,Time Gain of Pre-hospital Troponin Point of Care Testing in the Diagnosis of an Acute Myocardial Infarction,"Inclusion Criteria:

* Non-traumatic thoracic pain
* Transportation via ambulance or MUG
* Written informed consent form (ICF) has to be obtained from the patient

Exclusion Criteria:

* Age \<18 years","[""Non-traumatic thoracic pain"", ""Transportation via ambulance or MUG"", ""Written informed consent form (ICF) has to be obtained from the patient""]","[""Age <18 years""]"
NCT02322359,"Impact of a Feedback Device, CPRmeter®, on Chest Compression Quality During Extend Cardio-pulmonary Resuscitation. A Manikin Study.","Inclusion Criteria:

* Operational staff of University hospital of Caen pre-hospital unit

Exclusion Criteria:

* medical contraindication
* refusal","[""Operational staff of University hospital of Caen pre-hospital unit""]","[""medical contraindication"", ""refusal""]"
NCT01213784,"Optimized Glycemic Control in Type 2 Diabetics With Heart Failure:""Effect on Left Ventricular Function and Skeletal Muscle""","Inclusion Criteria:

* Ejection fraction =\<45%
* Diabetes
* Hba1c =\>7,5%
* In anticongestive treatment
* NYHA class 2-4

Exclusion Criteria:

* Severe angina (CCS 3-4)
* Hemodynamic significant heart valve disease
* Congenital heart disease
* Pregnancy","[""Ejection fraction =<45%"", ""Diabetes"", ""Hba1c =>7,5%"", ""In anticongestive treatment"", ""NYHA class 2-4""]","[""Severe angina (CCS 3-4)"", ""Hemodynamic significant heart valve disease"", ""Congenital heart disease"", ""Pregnancy""]"
NCT03523286,Real-time Automated Program for IDentification of VT Origin - Pilot Study,"Inclusion Criteria:

* Patients will be eligible for inclusion if they fulfilled VANISH inclusion criteria by having both of:

  1. Prior myocardial infarction (pathological Q waves or imaging evidence of regional myocardial akinesis/thinning in the absence of a non-ischemic cause)38 and
  2. One of the following VT events within the last 6 months while on Amiodarone or another class III or class I antiarrhythmic drug:

A: Sustained monomorphic VT documented on 12-lead ECG or rhythm strip requiring termination by pharmacologic means or DC cardioversion, B: ≥3 episodes of symptomatic VT treated with anti-tachycardia pacing (ATP), C: ≥1 appropriate ICD shocks, D: ≥3 VT episodes within 24 hours, separated by ≥ 5 minutes, E: sustained VT below detection rate of an ICD

Exclusion Criteria:

* Patients will be excluded from the trial if they:

  1. Are unable or unwilling to provide informed consent.
  2. Have active ischemia or another reversible cause of VT (e.g. drug-induced arrhythmia), or had recent acute coronary syndrome requiring revascularization.
  3. Are antiarrhythmic drug-naïve.
  4. Are known to have protruding left ventricular thrombus or mechanical aortic and mitral valves.
  5. Have had a prior catheter ablation procedure for VT.
  6. Are in renal failure (Creatinine clearance \<15 mL/min)
  7. Have NYHA Functional class IV heart failure or CCS Functional class IV angina.
  8. Have had recent ST elevation myocardial infarction (\< 1 month).
  9. Are pregnant or have a systemic illness likely to limit survival to \<1 year.","[""Patients will be eligible for inclusion if they fulfilled VANISH inclusion criteria by having both of: 1. Prior myocardial infarction (pathological Q waves or imaging evidence of regional myocardial akinesis/thinning in the absence of a non-ischemic cause)38 and 2. One of the following VT events within the last 6 months while on Amiodarone or another class III or class I antiarrhythmic drug: A: Sustained monomorphic VT documented on 12-lead ECG or rhythm strip requiring termination by pharmacologic means or DC cardioversion, B: \"">3 episodes of symptomatic VT treated with anti-tachycardia pacing (ATP), C: \"">1 appropriate ICD shocks, D: \"">3 VT episodes within 24 hours, separated by \""> 5 minutes, E: sustained VT below detection rate of an ICD""]","[""Are unable or unwilling to provide informed consent."", ""Have active ischemia or another reversible cause of VT (e.g. drug-induced arrhythmia), or had recent acute coronary syndrome requiring revascularization."", ""Are antiarrhythmic drug-na\u00efve."", ""Are known to have protruding left ventricular thrombus or mechanical aortic and mitral valves."", ""Have had a prior catheter ablation procedure for VT."", ""Are in renal failure (Creatinine clearance <15 mL/min)"", ""Have NYHA Functional class IV heart failure or CCS Functional class IV angina."", ""Have had recent ST elevation myocardial infarction (< 1 month)."", ""Are pregnant or have a systemic illness likely to limit survival to <1 year.""]"
NCT00310947,Impact of Patient-Prosthesis-Mismatch and Aortic Valve Design on Coronary Flow Reserve Following Aortic Valve Replacement,"Inclusion Criteria:

Aortic valve stenosis

Exclusion Criteria:

Coronary artery disease","[""Aortic valve stenosis""]","[""Coronary artery disease""]"
NCT00204217,Monitoring of Intubation and Ventilation During Resuscitation,"Inclusion Criteria:

* Cardiac arrest

Exclusion Criteria:

* \<18 years old trauma pregnancy","[""Cardiac arrest""]","[""<18 years old"", ""trauma"", ""pregnancy""]"
NCT06149104,"A Multicenter, Open-label Study to Collect the Safety Information of Sacubitril/Valsartan in Japanese Pediatric Patients With Heart Failure Due to Systemic Left Ventricle Systolic Dysfunction Who Have Completed CLCZ696B2319E1 Study","Inclusion Criteria:

* Signed informed consent
* \<18 years of age (at the time of signing informed consent)
* Completed CLCZ696B2319E1 study and safely enrolled

Exclusion Criteria:

* Permanently discontinued the study treatment during CLCZ696B2319E1 study
* Renal vascular hypertension (including renal artery stenosis)
* History of angioedema
* Having parents or legal guardians who do not give consent or allow the child to give assent, or inability of patient or the parents/legal guardians to follow instructions or comply with follow-up procedures
* Any medical condition(s) that may put the patient at risk in the Investigator's opinion or that the Investigator deems unsuitable for the study","[""Signed informed consent"", ""<18 years of age (at the time of signing informed consent)"", ""Completed CLCZ696B2319E1 study and safely enrolled""]","[""Permanently discontinued the study treatment during CLCZ696B2319E1 study"", ""Renal vascular hypertension (including renal artery stenosis)"", ""History of angioedema"", ""Having parents or legal guardians who do not give consent or allow the child to give assent, or inability of patient or the parents/legal guardians to follow instructions or comply with follow-up procedures"", ""Any medical condition(s) that may put the patient at risk in the Investigator's opinion or that the Investigator deems unsuitable for the study""]"
NCT03817372,Comparison of Anterior-Posterior Versus Anterior-Lateral Electrode Position in Cardioverting Atrial Fibrillation - A Randomized Clinical Trial,"Inclusion Criteria:

1. Atrial fibrillation (documented on an ECG-12)
2. Able and willing to sign informed consent
3. Age ≥ 18 years
4. Anticoagulation according to guidelines (Patients with atrial fibrillation for \>48 hours will be required to have a documented weekly international normalized ratio (INR) ≥2.0 (including within 48 hours of cardioversion) or treatment with non-vitamin K oral anticoagulant for three weeks or longer. Alternatively, a transoesophageal echocardiogram documenting the absence of intracardiac thrombi is accepted and cardioversion can be performed on treatment with low molecular weight heparin).

Exclusion Criteria:

1. Implanted pacemaker and/or cardioverter defibrillator (ICD)
2. Prior enrollment in the trial
3. Hemodynamically unstable atrial fibrillation
4. Untreated hyperthyroidism
5. Known or suspected pregnancy","[""Atrial fibrillation (documented on an ECG-12)"", ""Able and willing to sign informed consent"", ""Age \"">=\"" 18 years"", ""Anticoagulation according to guidelines (Patients with atrial fibrillation for \"">\""48 hours will be required to have a documented weekly international normalized ratio (INR) \"">=2.0\"" (including within 48 hours of cardioversion) or treatment with non-vitamin K oral anticoagulant for three weeks or longer. Alternatively, a transoesophageal echocardiogram documenting the absence of intracardiac thrombi is accepted and cardioversion can be performed on treatment with low molecular weight heparin).""]","[""Implanted pacemaker and/or cardioverter defibrillator (ICD)"", ""Prior enrollment in the trial"", ""Hemodynamically unstable atrial fibrillation"", ""Untreated hyperthyroidism"", ""Known or suspected pregnancy""]"
NCT05993195,Comparative Analysis of Re-operation Rates of Concorde Bullet Device Versus Conduit Titanium Interbody Graft for Lumbar Fusion,"Inclusion Criteria:

* Patients aged 18 or older with symptomatic degenerative lumbar spondylotic disease, either spondylosis, and/or spondylolisthesis
* who have failed conservative management of at least 6 weeks requiring 1 or 2 level lumbar interbody fusion (either PLIF or TLIF)
* All patients included will be index surgeries (no re-operations).

Exclusion Criteria:

* Patients who improve with consecutive management and do not undergo lumbar fusion surgery
* Surgery performed in the thoracic or cervical spine
* Surgery performed for tumor, infection, or trauma Patients who have an unstable fracture, tumor, and osteoporosis with T score exceeding -2.0","[""Patients aged 18 or older with symptomatic degenerative lumbar spondylotic disease, either spondylosis, and/or spondylolisthesis"", ""who have failed conservative management of at least 6 weeks requiring 1 or 2 level lumbar interbody fusion (either PLIF or TLIF)"", ""All patients included will be index surgeries (no re-operations)""]","[""Patients who improve with consecutive management and do not undergo lumbar fusion surgery"", ""Surgery performed in the thoracic or cervical spine"", ""Surgery performed for tumor, infection, or trauma"", ""Patients who have an unstable fracture, tumor, and osteoporosis with T score exceeding -2.0""]"
NCT00494117,Investigation of Heart Failure Status Over Time Using Respiratory Parameters,"Inclusion Criteria:

* Moderate to severe Heart Failure (as determined by Echocardiogram or by treating physician)

Exclusion Criteria:

* Malignant disease affecting gas exchange or respiratory parameters
* Medications compromising breathing with no adverse affects on heart failure
* Clinically significant (moderate to severe) asthma requiring therapy
* Chronic parenchymal lung disease (FEV1/FVC ratio = 65% or as determined by the treating physician)
* Severe pulmonary hypertension
* Heart failure due to alcohol abuse or chemotherapy
* Narcotic abuse/intravenous drug use (including HIV+ and hepatitis C)
* Alcohol consumption \> 80g/day
* Patients receiving home Oxygen
* Methicillin- resistant Staphylococcus aureus infection
* Narcolepsy
* Cataplexy
* Enrolled in any concurrent study, that may confound the results of this study.
* Inability or refusal to sign the Patient Consent Form
* Inability or refusal to adhere to protocol requirements","[""Moderate to severe Heart Failure (as determined by Echocardiogram or by treating physician)""]","[""Malignant disease affecting gas exchange or respiratory parameters"", ""Medications compromising breathing with no adverse affects on heart failure"", ""Clinically significant (moderate to severe) asthma requiring therapy"", ""Chronic parenchymal lung disease (FEV1/FVC ratio = 65% or as determined by the treating physician)"", ""Severe pulmonary hypertension"", ""Heart failure due to alcohol abuse or chemotherapy"", ""Narcotic abuse/intravenous drug use (including HIV+ and hepatitis C)"", ""Alcohol consumption > 80g/day"", ""Patients receiving home Oxygen"", ""Methicillin- resistant Staphylococcus aureus infection"", ""Narcolepsy"", ""Cataplexy"", ""Enrolled in any concurrent study, that may confound the results of this study."", ""Inability or refusal to sign the Patient Consent Form"", ""Inability or refusal to adhere to protocol requirements""]"
NCT04336995,Echocardiographic Assessment of Pulmonary Transit Time Following Exercise,"Inclusion Criteria:

1. Age ≥ 18 years old
2. Able to give informed consent

Exclusion Criteria:

1. Known allergic reaction to Definity or Optison ultrasound contrast
2. Pregnancy/Nursing - as assessed/disclosed by the participant","[""Age \u2265 18 years old"", ""Able to give informed consent""]","[""Known allergic reaction to Definity or Optison ultrasound contrast"", ""Pregnancy/Nursing - as assessed/disclosed by the participant""]"
NCT03518021,"NTNU Intranasal Naloxone Trial - a Double Blinded, Double Dummy, Randomized Controlled Trial of Intranasal Naloxone for Pre-hospital Use","Inclusion Criteria:

* Suspected opioid overdose clinically diagnosed by emergency medical service (EMS) based on the following criteria

  1. Reduced (below and equal to 8 breaths per minute) or absent spontaneous respiration
  2. Miosis
  3. Glasgow Coma Scale (GCS) below 12
* Palpable carotid or radial arterial pulse

Exclusion Criteria:

* Cardiac arrest
* Failure to assist ventilation using mask-bag technique
* Facial trauma or epistaxis or visible nasal blockage
* Iatrogenic opioid overdose when opioid is administered in- hospital, or by EMS or other health care workers in the pre- hospital setting
* Suspected or visibly pregnant participant
* Has received naloxone by any route in the current overdose
* in prison or custody by police
* EMS staff without training as study workers
* No study drug available
* Study drug frozen as indicated by Freeze Watch in kit or past its expiry date
* Deemed unfit for inclusion due to any other cause by study personnel at the scene; such as unsafe work environment for EMS","[""Suspected opioid overdose clinically diagnosed by emergency medical service (EMS) based on the following criteria: Reduced (below and equal to 8 breaths per minute) or absent spontaneous respiration"", ""Suspected opioid overdose clinically diagnosed by emergency medical service (EMS) based on the following criteria: Miosis"", ""Suspected opioid overdose clinically diagnosed by emergency medical service (EMS) based on the following criteria: Glasgow Coma Scale (GCS) below 12"", ""Palpable carotid or radial arterial pulse""]","[""Cardiac arrest"", ""Failure to assist ventilation using mask-bag technique"", ""Facial trauma or epistaxis or visible nasal blockage"", ""Iatrogenic opioid overdose when opioid is administered in- hospital, or by EMS or other health care workers in the pre- hospital setting"", ""Suspected or visibly pregnant participant"", ""Has received naloxone by any route in the current overdose"", ""in prison or custody by police"", ""EMS staff without training as study workers"", ""No study drug available"", ""Study drug frozen as indicated by Freeze Watch in kit or past its expiry date"", ""Deemed unfit for inclusion due to any other cause by study personnel at the scene; such as unsafe work environment for EMS""]"
NCT02847585,,"Inclusion Criteria:

* Pediatric dilated cardiomyopathy defined as left ventricular ejection fraction ≤ 40 % by cardiac echo examination.

Exclusion Criteria:

* Hypertension
* Arrhythmia
* Congenital heart defects
* Acute myocarditis
* Pregnant and lactating teens
* Antioxidant vitamins users","[""Pediatric dilated cardiomyopathy defined as left ventricular ejection fraction \"", \"" 40 % by cardiac echo examination.""]","[""Hypertension"", ""Arrhythmia"", ""Congenital heart defects"", ""Acute myocarditis"", ""Pregnant and lactating teens"", ""Antioxidant vitamins users""]"
NCT01620398,The Brazilian Cardioprotective Nutritional Program to Reduce Events and Risk Factors in Secondary Prevention for Cardiovascular Disease,"Inclusion Criteria:

* Any evidence of coronary artery disease (CAD) over the preceding 10 years, as defined by any of the following criteria:

  * defined by previous myocardial infarction,
  * stable or unstable angina,
  * history of atherosclerotic stenosis ≥70% of the diameter of any coronary artery on conventional or computed tomographic (CT) coronary angiography,
  * history of angioplasty, stenting, or coronary artery bypass surgery)
* Any evidence of stroke in the preceding 10 years
* Peripheral Arterial Disease over the preceding 10 years, as defined by any of the following criteria:

  * ankle/arm ratio \<0.9 of systolic blood pressure in either leg at rest, angiography or Doppler demonstrating \>70% stenosis in a cardiac artery,
  * intermittent claudication,
  * vascular surgery for atherosclerotic disease,
  * amputation due to atherosclerotic disease,
  * aortic aneurysm

Exclusion Criteria:

* Refusal to provide Informed Consent Statement
* neurocognitive or psychiatric condition that may hinder collection of reliable clinical data (defined at the trial investigator's discretion)
* Life expectancy less than 6 months
* Pregnancy or lactation
* Liver failure with a history of encephalopathy or anasarca
* Renal Failure with indication for dialysis
* Congestive heart failure
* Previous organ transplantation
* Wheelchair use
* Any restrictions to receiving an oral diet.","[""Any evidence of coronary artery disease (CAD) over the preceding 10 years, as defined by any of the following criteria: defined by previous myocardial infarction, stable or unstable angina, history of atherosclerotic stenosis \"">=\""70% of the diameter of any coronary artery on conventional or computed tomographic (CT) coronary angiography, history of angioplasty, stenting, or coronary artery bypass surgery)"", ""Any evidence of stroke in the preceding 10 years"", ""Peripheral Arterial Disease over the preceding 10 years, as defined by any of the following criteria: ankle/arm ratio \""<\""0.9 of systolic blood pressure in either leg at rest, angiography or Doppler demonstrating \"">\""70% stenosis in a cardiac artery, intermittent claudication, vascular surgery for atherosclerotic disease, amputation due to atherosclerotic disease, aortic aneurysm""]","[""Refusal to provide Informed Consent Statement"", ""neurocognitive or psychiatric condition that may hinder collection of reliable clinical data (defined at the trial investigator's discretion)"", ""Life expectancy less than 6 months"", ""Pregnancy or lactation"", ""Liver failure with a history of encephalopathy or anasarca"", ""Renal Failure with indication for dialysis"", ""Congestive heart failure"", ""Previous organ transplantation"", ""Wheelchair use"", ""Any restrictions to receiving an oral diet.""]"
NCT02845037,"A Rising Single Oral Dose Study to Investigate the Tolerability, Pharmacokinetics and Dopamine ß-hydroxylase (DßH) Inhibition Profile of BIA 5-453 in Healthy Male Volunteers","Inclusion Criteria:

1. A signed and dated informed consent form before any study-specific screening procedure was performed.
2. Aged between 18 and 45 years, inclusive.
3. Healthy as determined by the investigator on the basis of medical history, physical examination, clinical laboratory test results, vital signs and digital 12-lead electrocardiogram (ECG).
4. Nonsmoker or smoker of fewer than 10 cigarettes per day as determined by history. Must have been able to abstain from smoking during the inpatient stay.
5. Have a high probability for compliance with and completion of the study.

Exclusion Criteria:

Medical History

1. Any significant cardiovascular (e.g. hypertension), hepatic, renal, respiratory (e.g. childhood asthma), gastrointestinal, endocrine (e.g. diabetes, dyslipidemia), immunologic, dermatological, haematological, neurologic, or psychiatric disease.
2. Acute disease state (e.g., nausea, vomiting, fever, diarrhoea) within 7 days before study day 1.
3. History of drug abuse within 1 year before study day 1.
4. History of alcoholism within 1 year before day 1. Consumption of more than 50 g of ethanol per day (12.5 cL glass of 10° \[10%\] wine = 12 g; 4 cL of aperitif, 42° \[42%\] whiskey = 17 g; 25 cL glass of 3° \[3%\] beer = 7.5 g; 25 cL glass of 6° \[6%\] beer = 15 g
5. History of any clinically important drug allergy.

   Physical and Laboratory Findings
6. An automatic ECG QTc interval reading at screening or enrolment \>450 ms.
7. Positive serologic findings for human immunodeficiency virus (HIV) antibodies, hepatitis B surface antigen (HBsAg), and/or hepatitis C virus (HCV) antibodies.
8. Positive findings of urine drug screen (eg, amphetamines, barbiturates, benzodiazepines, cannabinoids, cocaine, methadone, opiates, MDMA \[3,4-methylenedioxy-methamphetamine; ecstasy\]).

   Prohibited treatments
9. Prohibited Treatments: use of any investigational drug within 90 days or prescription drug within 30 days before investigational medical product (IMP) administration.
10. Consumption of any caffeine-containing products (e.g., coffee, tea, chocolate, or soda) in excess of 6 cups per day (or equivalent), of grapefruit, grapefruit-containing products, or alcoholic beverages within 72 before study day -1.
11. Use of any over-the-counter drugs including herbal supplements (except for the occasional use of acetaminophen \[paracetamol\], aspirin and vitamins ≤100% recommended daily allowance) within 7 days before IMP administration.
12. Donation of blood (ie 450 ml) within 90 days before study day 1.","[""A signed and dated informed consent form before any study-specific screening procedure was performed."", ""Aged between 18 and 45 years, inclusive."", ""Healthy as determined by the investigator on the basis of medical history, physical examination, clinical laboratory test results, vital signs and digital 12-lead electrocardiogram (ECG)."", ""Nonsmoker or smoker of fewer than 10 cigarettes per day as determined by history. Must have been able to abstain from smoking during the inpatient stay."", ""Have a high probability for compliance with and completion of the study.""]","[""Any significant cardiovascular (e.g. hypertension), hepatic, renal, respiratory (e.g. childhood asthma), gastrointestinal, endocrine (e.g. diabetes, dyslipidemia), immunologic, dermatological, haematological, neurologic, or psychiatric disease."", ""Acute disease state (e.g., nausea, vomiting, fever, diarrhoea) within 7 days before study day 1."", ""History of drug abuse within 1 year before study day 1."", ""History of alcoholism within 1 year before day 1. Consumption of more than 50 g of ethanol per day (12.5 cL glass of 10\u00b0 [10%] wine = 12 g; 4 cL of aperitif, 42\u00b0 [42%] whiskey = 17 g; 25 cL glass of 3\u00b0 [3%] beer = 7.5 g; 25 cL glass of 6\u00b0 [6%] beer = 15 g)."", ""History of any clinically important drug allergy."", ""An automatic ECG QTc interval reading at screening or enrolment >450 ms."", ""Positive serologic findings for human immunodeficiency virus (HIV) antibodies, hepatitis B surface antigen (HBsAg), and/or hepatitis C virus (HCV) antibodies."", ""Positive findings of urine drug screen (eg, amphetamines, barbiturates, benzodiazepines, cannabinoids, cocaine, methadone, opiates, MDMA [3,4-methylenedioxy-methamphetamine; ecstasy])."", ""Use of any investigational drug within 90 days or prescription drug within 30 days before investigational medical product (IMP) administration."", ""Consumption of any caffeine-containing products (e.g., coffee, tea, chocolate, or soda) in excess of 6 cups per day (or equivalent), of grapefruit, grapefruit-containing products, or alcoholic beverages within 72 before study day -1."", ""Use of any over-the-counter drugs including herbal supplements (except for the occasional use of acetaminophen [paracetamol], aspirin and vitamins \n100% recommended daily allowance) within 7 days before IMP administration."", ""Donation of blood (ie 450 ml) within 90 days before study day 1.""]"
